"ticker","market_cap","rd_expense","patent_activity","industry","fund_weight","dumac_allocation","n_funds","rd_intensity","patent_productivity","industry_ai_multiplier","ai_patent_count_placeholder","ai_intensity_proxy","volatility_360d","revenue_growth","rd_intensity_score","patent_score","growth_score","stability_score","innovation_score","innovation_quartile","ai_intensity_score","ai_intensity_quartile","ai_rd_intensity","ai_patent_quality_proxy","ai_growth_momentum","ai_industry_multiplier","innovation_label","ai_label","strategic_position"
NA,4.51e+12,12914,171,"Unknown",5.79702849401973,17.644737195,1436,2.86341463414634e-07,13241443.3947654,1,40,62.1,0.268313651694916,0.0624693136662245,0,17.1571906354515,4.20754415626501,9.9934904381167,31.4,2,40.6,4,2.86341463414634e-06,75.5204678362573,0.169609009545944,1,"Q3","Q1 (High)","AI Specialist (Low Overall)"
"SYN001",91896369429.7709,472273757.757619,234,"Financials",0.0263087338625919,0.00822257328592241,1,0.513919930339077,495.475338521972,0.8,56,10.5,0.404144120542333,-0.0404243158176541,0.189851491752592,23.4782608695652,0,5.89831822722134,29.6,2,7.1,1,5.13919930339077,2018263.92204111,-0.0801840469232642,0.9,"Q3","Q4 (Low)","Balanced"
"SYN002",35786988908.1921,707305866.346694,104,"Technology",0.0403614739950281,0.00178709389269352,1,1.97643302196006,147.03681242907,1.5,11,32.7,0.2196375064319,0.138536966219544,0.73013107708253,10.4347826086957,9.33098778318877,11.4610344958386,32,3,20.5,4,19.7643302196006,6801017.94564129,0.433418993177699,1.3,"Q2","Q1 (High)","Balanced"
"SYN003",26144852347.672,615102176.832967,7,"Technology",0.00301533912937157,0.0111891051698476,1,2.35267030256431,11.3802230973097,1.5,2,17.5,0.340371439722367,0.134823243971914,0.869120138524178,0.702341137123746,9.08085456699086,7.82100989223794,18.5,1,22,4,23.5267030256431,87871739.5475667,0.306158010739556,1.3,"Q4 (Low)","Q1 (High)","AI Specialist (Low Overall)"
"SYN004",71697043128.5445,1541754085.54543,187,"Healthcare",0.0359546826540027,0.00713835487258621,1,2.15037331843831,121.290419628656,1.3,33,5.9,0.316775165172294,0.15279922420159,0.794387863426421,18.7625418060201,10.291604711816,8.53241734476367,38.4,3,17.7,4,21.5037331843831,8244674.25425364,0.366622670855215,1.2,"Q2","Q1 (High)","Balanced"
"SYN005",22628578355.7687,457572965.84337,39,"Industrials",0.035732161269756,0.0101103212966118,1,2.02210213407738,85.2323080934592,1.1,6,12.9,0.593926833267324,-0.0690988283604383,0.747002097997481,3.91304347826087,0,0.176532107696318,4.8,1,12.8,2,20.2210213407738,11732640.14983,-0.0995765332132922,1.1,"Q4 (Low)","Q3","Balanced"
"SYN006",44893199697.6025,921196197.732585,54,"Energy",0.0448792415293865,0.00919066485576332,1,2.0519726906028,58.6194343104266,0.8,11,20.1,0.282068301364779,-0.0538421080447733,0.758036838120899,5.4180602006689,0,9.57879954014226,15.8,1,7.8,1,20.5197269060281,17059188.8468997,-0.140922729921443,0.9,"Q4 (Low)","Q4 (Low)","Balanced"
"SYN007",69925055512.2271,1676215117.00028,191,"Technology",0.0144829543246888,0.0095307665693108,1,2.39715950844998,113.947188557642,1.5,15,19.1,0.593188621359877,0.192423392832279,0.885555280093358,19.1638795986622,12.9604420878709,0.198788563959622,33.2,3,19.9,4,23.9715950844998,8775995.37696482,0.277591678372892,1.3,"Q2","Q1 (High)","Balanced"
"SYN008",67676910066.9771,513668598.866556,51,"Industrials",0.00760545238899067,0.0228392436590511,1,0.759001258122155,99.2858043348083,1.1,9,7.2,0.404662828682922,0.276028550509363,0.280389100547596,5.11705685618729,18.5915651461033,5.88267962138473,29.9,2,15.7,3,7.59001258122156,10071933.3111089,0.546956373287384,1.1,"Q3","Q2","Balanced"
"SYN009",18873378272.634,921288384.216139,109,"Healthcare",0.0463816129227635,0.0132058003565762,1,4.88141747019392,118.312573855732,1.3,21,10.2,0.489206580817699,-0.0701148702763021,1.80328645741634,10.9364548494983,0,3.333757959809,16.1,1,16.2,3,48.8141747019392,8452187.01115724,-0.118998790167952,1.2,"Q4 (Low)","Q2","Balanced"
"SYN010",73442772471.8116,1668699296.83208,66,"Industrials",0.0325101879753638,0.0208828198844567,1,2.27210825608817,39.5517635354055,1.1,9,15.7,0.362979611172341,-0.0684998698532581,0.839359017538096,6.62207357859532,0,7.13939290124385,14.6,1,13,2,22.7210825608817,25283322.6792739,-0.147954398423302,1.1,"Q4 (Low)","Q3","Balanced"
"SYN011",33329735269.3044,661209307.926241,248,"Consumer",0.0306177790083457,0.0285562030749861,1,1.98384206350176,375.070340098214,1,48,17,0.294065857678652,-0.0822401055134833,0.732868115071982,24.8829431438127,0,9.21708350078724,34.8,3,9.5,1,19.8384206350176,2666166.56421871,-0.208696348366591,1,"Q2","Q4 (Low)","Balanced"
"SYN012",35890034540.0907,1011262782.19442,1,"Healthcare",0.0158422355814837,0.0156615419657901,1,2.81767012808192,0.988862655293238,1.3,0,12,0.486663436423987,-0.0592081876471639,1.04089973786486,0.100334448160535,0,3.410431583465,4.6,1,30.3,4,28.1767012808192,1011262782.19442,-0.10092360282084,1.2,"Q4 (Low)","Q1 (High)","AI Specialist (Low Overall)"
"SYN013",79110325145.768,1543562599.03777,47,"Healthcare",0.0115408542423975,0.00649716030759737,1,1.95115188339021,30.4490404401473,1.3,5,2.7,0.380133322696201,0.184523613192141,0.720791753461124,4.71571906354515,12.4283620999549,6.62222320182139,24.5,2,18.4,4,19.5115188339021,32841757.4263355,0.384317447820417,1.2,"Q3","Q1 (High)","AI Specialist (Low Overall)"
"SYN014",37089169864.7756,360206836.974015,281,"Healthcare",0.0411660965608899,0.0175740620866418,1,0.971191424039155,780.10734710255,1.3,40,15,0.243179317703471,-0.0683445082977414,0.358776101326961,28.1939799331104,0,10.7512690644774,39.3,4,14.1,3,9.71191424039154,1281874.86467621,-0.199151011649238,1.2,"Q1 (High)","Q2","Balanced"
"SYN015",29032932534.3482,1985512509.75858,230,"Energy",0.0287635481772013,0.0205284114673268,1,6.83882865573282,115.839108980464,0.8,55,19.3,0.208685026760213,-0.00941061405465007,2.52639061949328,23.0769230769231,0,11.791242370202,37.4,3,9.9,1,68.3882865573281,8632663.08590687,-0.0304861371263085,0.9,"Q2","Q4 (Low)","Balanced"
"SYN016",26801339853.7878,1912720180.52358,246,"Consumer",0.0453218468402047,0.0122121596934739,1,7.13665880496366,128.612644183354,1,60,17,0.301843271497637,0.290310713835061,2.63641462573779,24.6822742474916,19.553522774787,8.98260114042728,55.9,4,16.4,3,71.3665880496365,7775285.28668122,0.722447616836027,1,"Q1 (High)","Q2","Balanced"
"SYN017",3665057857.75371,1035051097.30503,76,"Financials",0.0304801478784066,0.0290345231157262,1,28.2410575078725,73.4263266788297,0.8,6,17.5,0.184591554943472,-0.0902536924928427,10.4327727200148,7.62541806020067,0,12.5176398941533,30.6,2,16.4,3,282.410575078726,13619093.3855925,-0.317134120549605,0.9,"Q3","Q2","Balanced"
"SYN018",65972976928.8097,243644644.790562,35,"Energy",0.0108365010544658,0.0158496554328594,1,0.369309763076896,143.651833719088,0.8,5,11.1,0.563586851488799,0.180512078758329,0.136429801614893,3.51170568561873,12.1581701084945,1.09125655290204,16.9,1,9,1,3.69309763076895,6961275.56544463,0.272024797286654,0.9,"Q4 (Low)","Q4 (Low)","Balanced"
"SYN019",74931210404.0291,1126549166.56017,40,"Financials",0.04113727723388,0.00206960766995326,1,1.50344450661589,35.506661570872,0.8,6,18.4,0.290217003575526,-0.062930163834244,0.555400306876065,4.0133779264214,0,9.33312315301443,13.9,1,7.8,1,15.0344450661589,28163729.1640042,-0.161269660874898,0.9,"Q4 (Low)","Q4 (Low)","Balanced"
"SYN020",63483405271.7779,75869073.8012083,126,"Consumer",0.0331619715436827,0.018604847171111,1,0.119510088465492,1660.7557425855,1,29,12.3,0.415355943399481,0.0974721455015242,0.044149147590103,12.6421404682274,6.56511704922559,5.56029137810801,24.8,2,10.8,2,1.19510088465492,602135.506358796,0.189135580466117,1,"Q3","Q3","Balanced"
"SYN021",6397291841.45108,1908197406.95623,110,"Consumer",0.0224459631345235,0.0246815056977794,1,29.8282062824165,57.6460273968517,1,9,15.3,0.568550153309479,0.24357275897637,11.0190950488064,11.0367892976589,16.4055450349934,0.94161725722112,39.4,4,23.2,4,298.282062824165,17347249.1541475,0.364329822931949,1,"Q1 (High)","Q1 (High)","AI-Focused Leader"
"SYN022",53201201592.3392,25238665.5469891,43,"Energy",0.00774850745522417,0.0205268980609253,1,0.047440029156453,1703.73508535715,0.8,11,10.9,0.160592721332796,-0.0138792629353702,0.0175251248847513,4.31438127090301,0,13.2411841573094,17.6,1,7,1,0.474400291564531,586945.710395095,-0.0532603630077809,0.9,"Q4 (Low)","Q4 (Low)","Balanced"
"SYN023",9689475010.84767,1153690763.84651,156,"Energy",0.00202935704425909,0.00553911370527931,1,11.9066385181335,135.218210016593,0.8,37,23.6,0.258108117990196,0.127915299497545,4.39853400520075,15.6521739130435,8.61557842260686,10.3011785318085,39,3,13.7,3,119.066385181335,7395453.6144007,0.357197430249394,0.9,"Q2","Q2","Balanced"
"SYN024",27758465380.8735,1485292308.3331,224,"Financials",0.0357062686625868,0.0290197208020836,1,5.35077241466133,150.812064900133,0.8,15,8.3,0.462932806485333,0.0965602528303862,1.97667491884089,22.4749163879599,6.50369763456565,4.12588973579595,35.1,3,10.3,2,53.5077241466135,6630769.23362991,0.171530690195975,0.9,"Q2","Q3","Balanced"
"SYN025",1125980291.74842,378145825.034939,33,"Technology",0.00574603071273305,0.0277960529532284,1,33.5836983831888,87.2679210380042,1.5,5,43.2,0.404356127860956,0.13294246410951,12.406443802496,3.31103678929766,8.95417694153206,5.89192638828343,30.6,2,31.4,4,335.836983831888,11458964.3949982,0.263588477993392,1.3,"Q3","Q1 (High)","AI Specialist (Low Overall)"
"SYN026",70944920456.2698,594852365.806699,111,"Financials",0.00512595465267077,0.00485885534994304,1,0.838470692448467,186.600922145563,0.8,14,6.5,0.363308412279002,0.030871235858649,0.309746590248174,11.1371237458194,2.07929430324391,7.12947982970447,20.7,1,8.1,1,8.38470692448466,5359030.32258287,0.0666321505081123,0.9,"Q4 (Low)","Q4 (Low)","Balanced"
"SYN027",79910955375.2933,894526318.237651,67,"Financials",0.0105870058147702,0.0238702881115023,1,1.11940385900357,74.8999762600612,0.8,15,4.1,0.550978198205121,0.225650280434638,0.413528536270678,6.72240802675585,15.1983984308708,1.47139664210498,23.8,2,9.9,1,11.1940385900357,13351139.0781739,0.346632623115186,0.9,"Q3","Q4 (Low)","Balanced"
"SYN028",14294994712.3416,783495084.214956,269,"Energy",0.049281359387096,0.0279661672492512,1,5.480905029916,343.333360246327,0.8,37,3,0.16709544826299,0.279784044157714,2.02474833152382,26.9899665551839,18.8445118238663,13.0451325140696,60.9,4,14.9,3,54.8090502991599,2912621.13091062,1.04750584847942,0.9,"Q1 (High)","Q2","Balanced"
"SYN029",60313917436.1713,1314429721.66836,32,"Consumer",0.0335870935441926,0.0197084480086341,1,2.17931412440485,24.3451585676132,1,7,6.9,0.432110501476563,0.131486421730369,0.805079136370436,3.21070234113712,8.85610698935743,5.05515581297811,17.9,1,13,2,21.7931412440485,41075928.8021362,0.247103602288444,1,"Q4 (Low)","Q3","Balanced"
"SYN030",36562155198.7715,1228284411.98077,252,"Financials",0.049422497597523,0.022722535258159,1,3.3594420386412,205.16420915382,0.8,50,8.3,0.184833632805385,0.168532304093242,1.24104037582383,25.2842809364548,11.3512870498014,12.5103414541097,50.4,4,11.8,2,33.594420386412,4874144.49198718,0.591686811818297,0.9,"Q1 (High)","Q3","General Innovator (Low AI)"
"SYN031",68128391399.0483,1457886630.66388,254,"Technology",0.0200063549419865,0.0143014133044053,1,2.13991054349809,174.224795438542,1.5,54,6.8,0.450584428873844,-0.0997067483142018,0.790522719422932,25.4849498327759,0,4.49818273657337,30.8,2,17.2,3,21.3991054349809,5739711.14434598,-0.181092568342589,1.3,"Q3","Q2","Balanced"
"SYN032",37227077015.9084,641548630.655277,8,"Energy",0.0408826963372994,0.00277286893967539,1,1.72333871493892,12.4698263198361,0.8,1,6.7,0.393903632555157,-0.0741825337521732,0.636633324460572,0.802675585284281,0,6.20706016256869,7.6,1,9.2,1,17.2333871493892,80193578.8319096,-0.150196372050146,0.9,"Q4 (Low)","Q4 (Low)","Balanced"
"SYN033",80287770039.1691,289249112.685211,230,"Consumer",0.0142048095993232,0.00196892064530402,1,0.360265470748656,795.162335555056,1,43,0.6,0.228305337508209,0.103140781074762,0.133088671517187,23.0769230769231,6.94692105955314,11.1997068183769,41.4,4,11.6,2,3.60265470748656,1257604.83776179,0.314161146016042,1,"Q1 (High)","Q3","General Innovator (Low AI)"
"SYN034",98715997264.4877,108768088.583602,82,"Financials",0.0243971141253132,0.0123352858466096,1,0.110182839253684,753.897591359923,0.8,4,20,0.415617218846455,-0.0601547265425324,0.0407034879476045,8.22742474916388,0,5.55241414732971,13.8,1,6.7,1,1.10182839253684,1326440.10467807,-0.116665472648705,0.9,"Q4 (Low)","Q4 (Low)","Balanced"
"SYN035",48842809647.0889,1910236443.43973,45,"Healthcare",0.0107552089791279,0.0064573937531095,1,3.91098803947202,23.5572932107657,1.3,10,27.6,0.374211005889811,-0.0673468299210072,1.44479174483823,4.51505016722408,0,6.80077597731755,12.8,1,16.7,3,39.1098803947201,42449698.7431051,-0.142018698605777,1.2,"Q4 (Low)","Q2","Balanced"
"SYN036",8791446940.74057,52176279.9690478,30,"Financials",0.037560064308811,0.00867230569222011,1,0.593489107319262,574.973915691129,0.8,2,2,0.334919379581697,0.210991916712374,0.219245828247899,3.01003344481605,14.2111022849654,7.98538483233536,25.4,2,10.1,1,5.93489107319262,1739209.33230159,0.485128799998069,0.9,"Q3","Q4 (Low)","Balanced"
"SYN037",14311050606.193,1841605515.15548,213,"Industrials",0.0284926687639672,0.00681836688169278,1,12.8684159243943,115.659949021177,1.1,19,28.7,0.180927442875691,-0.0298603616654873,4.75383249873997,21.371237458194,0,12.6281097323635,38.8,3,16.7,3,128.684159243944,8646035.28242009,-0.106292077982215,1.1,"Q2","Q2","Balanced"
"SYN038",89539224177.599,733962825.082242,137,"Technology",0.0115757657361682,0.00608688609465025,1,0.819710949947974,186.657955032871,1.5,32,21.1,0.338152030855417,-0.0338913030922413,0.302816391840289,13.7458193979933,0,7.88792316724662,21.9,1,17.3,3,8.19710949947973,5357392.88381199,-0.0773505557558966,1.3,"Q4 (Low)","Q2","Balanced"
"SYN039",71641111736.4187,1397086701.3901,120,"Energy",0.0106659673205577,0.0269910845600534,1,1.95011867840668,85.8930228743857,0.8,21,9.1,0.212473094719462,-0.0793391283601523,0.720410068289716,12.0401337792642,0,11.6770353681109,24.4,2,7,1,19.5011867840668,11642389.1782508,-0.253907071363641,0.9,"Q3","Q4 (Low)","Balanced"
"SYN040",87542556920.5545,1139135341.52927,185,"Industrials",0.003827054644702,0.00279910746845417,1,1.30123608631062,162.403880606181,1.1,23,2.3,0.276662905258127,0.128878549207002,0.48070074890379,18.561872909699,8.68045692771907,9.7417675996114,37.5,3,14.7,3,13.0123608631062,6157488.33259065,0.342158857184733,1.1,"Q2","Q2","Balanced"
"SYN041",90473712208.448,568738261.878723,40,"Consumer",0.0179218649230897,0.0129228305702563,1,0.628622666182163,70.3311218553633,1,5,14.3,0.161411495087668,0.157589011173695,0.232224819494107,4.0133779264214,10.6142149503711,13.2164988303984,28.1,2,13.6,2,6.28622666182163,14218456.5469681,0.602838873328219,1,"Q3","Q3","Balanced"
"SYN042",48252695911.3311,23728467.4930852,24,"Industrials",0.0314805389253888,0.0100078947043512,1,0.0491754233518651,1011.44332254049,1.1,1,2,0.535198836843483,0.0168564506806433,0.0181662118340941,2.40802675585284,1.13534560241306,1.94713086213807,5.5,1,12.4,2,0.491754233518652,988686.145545217,0.0265372820334632,1.1,"Q4 (Low)","Q3","Balanced"
"SYN043",7611079969.21055,843322666.421067,199,"Financials",0.00950711671076715,0.0134906087028794,1,11.0801971577306,235.971364133405,0.8,49,8.3,0.264477322250605,0.29554512584582,4.0932311685587,19.9665551839465,19.9060801885762,10.109152482616,54.1,4,15.7,3,110.801971577306,4237802.34382446,0.810873839889032,0.9,"Q1 (High)","Q2","Balanced"
"SYN044",72268025585.2174,1228970690.89441,238,"Energy",0.00128891797363758,0.0106178664432373,1,1.70057322161821,193.657995071299,0.8,32,11.6,0.508830369822681,0.067573550902307,0.628223327065263,23.8795986622074,4.55133380744668,2.74211754151707,31.8,3,8.6,1,17.0057322161822,5163742.39871601,0.110989126449109,0.9,"Q2","Q4 (Low)","Balanced"
"SYN045",27920973654.6036,10505988.5254595,112,"Technology",0.00504396498086862,0.0079087535913568,1,0.0376275865427326,10660.5865529537,1.5,27,18.1,0.415583882853389,0.174683820828795,0.0139002257595483,11.2374581939799,11.7656149297448,5.55341919894726,28.6,2,19.1,4,0.376275865427325,93803.468977317,0.33880776075087,1.3,"Q3","Q1 (High)","AI Specialist (Low Overall)"
"SYN046",33331454494.0367,1327534989.4606,240,"Technology",0.0103103166001383,0.0118211003651377,1,3.98282946127692,180.786195396262,1.5,55,7.5,0.11889616670087,0.123864491470158,1.47133130458962,24.0802675585284,8.34274120632418,14.4982995399454,48.4,4,21.9,4,39.8282946127691,5531395.78941917,0.565859573225984,1.3,"Q1 (High)","Q1 (High)","AI-Focused Leader"
"SYN047",39119913066.0389,232190604.994306,243,"Industrials",0.0416826331554912,0.0152302198517136,1,0.593535585322856,1046.5539723537,1.1,43,4.3,0.329955377988517,0.289331855531782,0.219262998088396,24.38127090301,19.4875929719437,8.13504522555735,52.2,4,16,3,5.93535585322855,955516.892980683,0.672934612157611,1.1,"Q1 (High)","Q2","Balanced"
"SYN048",33740250135.5391,1804686865.67224,259,"Financials",0.0204798800244462,0.00156973710260354,1,5.3487655201801,143.515201959163,0.8,63,12,0.14414400679525,0.238053601142019,1.97593353462742,25.9866220735786,16.0338089147999,13.737098801871,57.7,4,14.6,3,53.4876552018012,6967902.95626348,0.975054043991592,0.9,"Q1 (High)","Q2","Balanced"
"SYN049",10759451139.9511,202896580.751287,127,"Technology",0.00559797845268622,0.00185584473307244,1,1.88575214583119,625.934648724703,1.5,22,36,0.182323506707326,0.0632875617593527,0.696631871890487,12.742474916388,4.26265625499899,12.5860196044529,30.3,2,19.2,4,18.857521458312,1597610.87205738,0.224166816633376,1.3,"Q3","Q1 (High)","AI Specialist (Low Overall)"
"SYN050",58536698845.9136,1131265499.72151,29,"Financials",0.0446024954081513,0.0204466862995177,1,1.93257481550053,25.6350078802359,0.8,3,7.4,0.420197236374952,0.109733459446579,0.713929038458032,2.90969899665552,7.390962841502,5.41433054453229,16.4,1,10.2,2,19.3257481550052,39009155.1628107,0.2109458716299,0.9,"Q4 (Low)","Q3","Balanced"
"SYN051",75863016263.5818,503611914.460314,265,"Healthcare",0.0269263181709684,0.0249119051869493,1,0.66384377957046,526.198829676184,1.3,32,6.4,0.182611412508413,0.0181920459493995,0.245236155013296,26.5886287625418,1.22530298690132,12.5773394913238,40.6,4,15.4,3,6.6384377957046,1900422.31871817,0.0643712360655566,1.2,"Q1 (High)","Q2","Balanced"
"SYN052",52183410892.7287,1162810604.06775,87,"Consumer",0.0414680158109404,0.0233958986236248,1,2.22831467735617,74.8187191410673,1,11,7.6,0.175830476707779,0.114087357092649,0.823180853600285,8.72909698996656,7.68421428805344,12.7817788935453,30,2,13.1,2,22.2831467735617,13365639.1272155,0.413614037340462,1,"Q3","Q3","Balanced"
"SYN053",28178053787.211,1905094886.9281,92,"Financials",0.0149627649171744,0.0232362140628975,1,6.76091720639967,48.2915578805352,0.8,19,13.1,0.144997443328612,0.213638442382216,2.49760867847727,9.23076923076923,14.3893557819711,13.7113684218993,39.8,4,15,3,67.6091720639966,20707553.1187837,0.872002742068073,0.9,"Q1 (High)","Q2","Balanced"
"SYN054",45017159728.5662,1454830327.21607,245,"Industrials",0.039130727333948,0.0237688227195758,1,3.23172393813395,168.404517981713,1.1,14,1.8,0.163686711713672,0.217264527082443,1.1938589298754,24.5819397993311,14.6335862784366,13.147902999289,53.6,4,18,4,32.3172393813395,5938082.96822886,0.823949472730212,1.1,"Q1 (High)","Q1 (High)","AI-Focused Leader"
"SYN055",89665021565.7428,809740730.325924,176,"Energy",0.00810132591985166,0.0276158107267693,1,0.903073145119604,217.353522440645,0.8,35,16.3,0.430300222267397,-0.0579131972976029,0.333611939926359,17.6588628762542,0,5.10973417948342,23.1,1,7.1,1,9.03073145119603,4600799.60412457,-0.109208321750242,0.9,"Q4 (Low)","Q4 (Low)","Balanced"
"SYN056",92206974994.1584,985236444.110516,199,"Energy",0.0121267672309186,0.0236075190012343,1,1.06850533180699,201.981972134272,0.8,37,2.6,0.396869575046003,0.114741172734648,0.394725671991909,19.9665551839465,7.72825124031558,6.11763953867855,34.2,3,9,1,10.6850533180698,4950936.90507797,0.2309281519683,0.9,"Q2","Q4 (Low)","Balanced"
"SYN057",52612305761.7806,1344608558.91835,193,"Energy",0.0305128632313572,0.0131970890143421,1,2.55569213219148,143.536197743123,0.8,16,11.7,0.404010051419027,-0.0629103453829885,0.944120185055261,19.3645484949833,0,5.90236029637385,26.2,2,7.7,1,25.5569213219148,6966883.72496554,-0.124819624540951,0.9,"Q3","Q4 (Low)","Balanced"
"SYN058",76820435819.4489,936996222.751215,68,"Consumer",0.0447230894677341,0.0178042728819419,1,1.21972260734557,72.5723309751857,1,7,14.7,0.335655769705772,0.112055261153728,0.450588151029384,6.82274247491639,7.54734495347966,7.96318330127919,22.8,1,12,2,12.1972260734557,13779356.2169296,0.257210552334487,1,"Q4 (Low)","Q3","Balanced"
"SYN059",76905430675.0186,592188302.190742,183,"Financials",0.0326283155877609,0.0241332801217213,1,0.770021436708635,309.023328091774,0.8,28,12.7,0.139343193988316,-0.0994009653106332,0.284460159843459,18.3612040133779,0,13.8818391930623,32.5,3,5.4,1,7.70021436708636,3236001.65131553,-0.415307256723104,0.9,"Q2","Q4 (Low)","Balanced"
"SYN060",83984740160.8713,1092788976.48584,146,"Industrials",0.0221998334503733,0.0279408670784906,1,1.30117563546976,133.60310466299,1.1,27,20.1,0.379149061534554,0.0887299716472626,0.480678417236865,14.6488294314381,5.97629863015211,6.65189783220179,27.8,2,13.9,3,13.0117563546976,7484856.00332767,0.185182396816327,1.1,"Q3","Q2","Balanced"
"SYN061",94134219326.7774,1470316215.0213,174,"Energy",0.0449532251562923,0.00428608649875969,1,1.56193595223566,118.341890147405,0.8,43,3,0.12314557635691,-0.0947933867573738,0.577008136690271,17.4581939799331,0,14.3701834811274,32.4,3,5.8,1,15.6193595223565,8450093.18977759,-0.424805135306633,0.9,"Q2","Q4 (Low)","Balanced"
"SYN062",42855759573.6347,1543456787.60158,244,"Technology",0.0473328300588764,0.00652134560723789,1,3.60151541579753,158.08670638532,1.5,49,13,0.202431099279784,0.0523091105744243,1.33046679161371,24.4816053511706,3.52321611363945,11.9797929232858,41.3,4,19.7,4,36.0151541579753,6325642.57213762,0.172962075325568,1.3,"Q1 (High)","Q1 (High)","AI-Focused Leader"
"SYN063",60868853011.6342,1628972061.6811,148,"Industrials",0.031747235783143,0.0233638289708178,1,2.67619969998406,90.8548424380369,1.1,24,27,0.336031281994656,0.0317478933371604,0.988637925873525,14.8494983277592,2.13834049463421,7.95186192763355,25.9,2,13.9,3,26.7619969998407,11006567.9843318,0.072811045097332,1.1,"Q3","Q2","Balanced"
"SYN064",22799584466.964,666923949.289136,25,"Financials",0.00506788335787132,0.00418958242679946,1,2.9251583521423,37.4855334354796,0.8,5,11.1,0.204512301040813,0.280881192162633,1.08060789053433,2.50836120401338,18.9184088847708,11.9170464740587,34.4,3,14,3,29.251583521423,26676957.9715654,0.922396866079268,0.9,"Q2","Q2","Balanced"
"SYN065",86060672331.1357,1782597887.57004,139,"Industrials",0.0228018417209387,0.019170512534678,1,2.07132693631667,77.9760825305806,1.1,12,4.5,0.261323605338111,0.11983894193545,0.765186657092481,13.9464882943144,8.07160524489813,10.204234344371,33,3,15.1,3,20.7132693631667,12824445.2343168,0.331666517672737,1.1,"Q2","Q2","Balanced"
"SYN066",92841584463.1381,618098090.938525,180,"Technology",0.0187184389694594,0.0193354625159409,1,0.665755646580908,291.21591320026,1.5,19,32.8,0.370999232539907,-0.0140385816805065,0.245942434308524,18.0602006688963,0,6.89760819089839,25.2,2,17.4,3,6.65755646580908,3433878.28299181,-0.0298059544700362,1.3,"Q3","Q2","Balanced"
"SYN067",58760411782.8887,1397838803.05779,274,"Technology",0.0497732398610096,0.0261319397571497,1,2.37887850109459,196.016879343041,1.5,59,8.6,0.156844010599889,0.0452681561931968,0.878801935367781,27.4916387959866,3.04898124979013,13.3542045727607,44.8,4,19.2,4,23.7887850109459,5101601.47101383,0.176247661323571,1.3,"Q1 (High)","Q1 (High)","AI-Focused Leader"
"SYN068",66225648727.268,387756352.515193,14,"Energy",0.0254680971405469,0.0204395647433121,1,0.585507820560671,36.1051467221326,0.8,3,18.7,0.353675000858493,0.000640164967626339,0.216297392213353,1.40468227424749,0.0431175277989023,7.41991892691253,9.1,1,8.2,1,5.85507820560672,27696882.3225138,0.00141106511580966,0.9,"Q4 (Low)","Q4 (Low)","Balanced"
"SYN069",7465538649.81979,1953438491.11791,245,"Technology",0.0136299583965447,0.025554191990057,1,26.1660756543677,125.419869176322,1.5,24,42.9,0.525466260756366,-0.0886049122549594,9.66623576263532,24.5819397993311,0,2.240559689047,36.5,3,26.4,4,261.660756543677,7973218.33109351,-0.141662177185722,1.3,"Q2","Q1 (High)","Balanced"
"SYN070",25210208819.9463,339016069.702338,26,"Financials",0.0364975240635686,0.00760265478864312,1,1.34475708679616,76.692529716448,0.8,2,3.2,0.344672658736818,-0.0912883818149567,0.496778217358728,2.60869565217391,0,7.69133182567144,10.8,1,7,1,13.4475708679616,13039079.6039361,-0.205293444562748,0.9,"Q4 (Low)","Q4 (Low)","Balanced"
"SYN071",51384709276.2589,341683005.477302,81,"Industrials",0.00873642544867471,0.00486344447452575,1,0.664950741747542,237.061834219264,1.1,6,21.8,0.33680365353357,-0.0503036022186279,0.245645087466234,8.12709030100334,0,7.92857558776084,16.3,1,12,2,6.64950741747543,4218308.70959632,-0.115162961233706,1.1,"Q4 (Low)","Q3","Balanced"
"SYN072",51979373704.4092,1256552719.40585,254,"Financials",0.0164574163844809,0.0159234134939034,1,2.41740642461658,202.140344831772,0.8,24,10,0.199339365493506,-0.0675033507868648,0.893034868162259,25.4849498327759,0,12.0730060469133,38.5,3,7.1,1,24.1740642461658,4947057.95041673,-0.22550776332266,0.9,"Q2","Q4 (Low)","Balanced"
"SYN073",76602671064.4364,1468656875.53817,276,"Energy",0.0155179914876353,0.0207985515424516,1,1.91723977131656,187.926808907535,0.8,40,3.4,0.346039205230772,-0.0139990446157753,0.708263987416643,27.6923076923077,0,7.65013162019157,36.1,3,7.9,1,19.1723977131655,5321220.56354409,-0.0313852335211935,0.9,"Q2","Q4 (Low)","Balanced"
"SYN074",27517299913.3356,1878287370.46453,25,"Industrials",0.0342941701260861,0.0191763188312761,1,6.82584183906163,13.3099973907704,1.1,2,26.9,0.406891124462709,-0.000131644681096083,2.52159304744687,2.50836120401338,0,5.81549841357126,10.8,1,16.9,3,68.2584183906163,75131494.8185812,-0.00025970997467281,1.1,"Q4 (Low)","Q2","Balanced"
"SYN075",69086350122.9323,1536824125.37676,167,"Industrials",0.0233459748122841,0.0291906429179944,1,2.22449749138887,108.665654867345,1.1,32,10.1,0.465453137201257,0.226312313508242,0.821770713982832,16.7558528428094,15.2429888581802,4.04990392497089,36.9,3,15.5,3,22.2449749138887,9202539.67291473,0.400231776285455,1.1,"Q2","Q2","Balanced"
"SYN076",56214828795.5206,333448959.386209,13,"Consumer",0.00194995357678272,0.0197893042974174,1,0.593169038367292,38.9864764428402,1,1,8.2,0.363862069579773,0.206572113279253,0.219127588813573,1.30434782608696,13.9134118347993,7.1127875366445,22.5,1,13,2,5.93169038367292,25649919.9527853,0.445330900770553,1,"Q4 (Low)","Q3","Balanced"
"SYN077",43666683945.3392,561310013.00551,78,"Technology",0.0365686200568452,0.00948695291415788,1,1.2854422692324,138.960642412831,1.5,10,15.6,0.431448571640067,0.149605569709092,0.474866218607491,7.82608695652174,10.0765000226748,5.07511243018621,23.5,2,19.4,4,12.854422692324,7196282.21801936,0.281505262583367,1.3,"Q3","Q1 (High)","AI Specialist (Low Overall)"
"SYN078",86230589364.8882,851106145.651545,56,"Financials",0.017026319090277,0.0244794501331635,1,0.98701186193922,65.7967285116129,0.8,9,9.9,0.551481056516059,0.0555182331241667,0.364620465850845,5.61872909698997,3.73936263484267,1.45623589504694,11.2,1,8.5,1,9.87011861939219,15198324.0294919,0.0852184918792005,0.9,"Q4 (Low)","Q4 (Low)","Balanced"
"SYN079",12055240842.9794,1674749703.40333,170,"Technology",0.0334006772092544,0.0234847922746558,1,13.8922956846495,101.507705691505,1.5,9,18.9,0.285736446641386,-0.0183511463925242,5.13207275892473,17.056856187291,0,9.46820810414303,31.7,3,22.4,4,138.922956846495,9851468.843549,-0.0475743128561172,1.3,"Q2","Q1 (High)","Balanced"
"SYN080",32314199205.2551,303857947.106706,20,"Technology",0.0183980512220878,0.0249160145756323,1,0.940323308576035,65.8202301122524,1.5,3,17.8,0.254518666327931,0.0825229701586068,0.34737284434562,2.0066889632107,5.55823364257978,10.4093974227863,18.3,1,19.3,4,9.40323308576036,15192897.3553353,0.232774682962033,1.3,"Q4 (Low)","Q1 (High)","AI Specialist (Low Overall)"
"SYN081",74357940880.1161,1332041702.95363,131,"Healthcare",0.0234366149152629,0.0171513506681658,1,1.79139132577813,98.3452693031488,1.3,11,2.3,0.164150796388276,-0.0787192546762526,0.661773226848781,13.1438127090301,0,13.1339112441322,26.9,2,14.1,3,17.9139132577813,10168257.2744552,-0.298008772839522,1.2,"Q3","Q2","Balanced"
"SYN082",55114586902.7823,1636349361.49744,166,"Technology",0.0296642754087225,0.00121965436381288,1,2.96899505821178,101.445329405752,1.5,20,8.1,0.512270174478181,0.0438462915830314,1.09680198651415,16.6555183946488,2.95321329940947,2.63841037952578,23.3,2,19,4,29.6899505821177,9857526.27408096,0.0716126530585951,1.3,"Q3","Q1 (High)","AI Specialist (Low Overall)"
"SYN083",18791674252.8323,1347562941.44643,162,"Technology",0.0105963241341524,0.0144888898199424,1,7.17106375576582,120.217019196234,1.5,29,39.5,0.540725185209885,0.0735633793286979,2.64912445559106,16.2541806020067,4.9547713692414,1.78051619570973,25.6,2,20.7,4,71.710637557658,8318289.762015,0.114812685729843,1.3,"Q3","Q1 (High)","AI Specialist (Low Overall)"
"SYN084",68481193689.3966,751578378.065489,76,"Consumer",0.0136887952494435,0.0287821551524103,1,1.0974960241995,101.120524775631,1,16,8.6,0.186621930007823,-0.0190385981462896,0.405435373911156,7.62541806020067,0,12.4564258262658,20.5,1,10.1,1,10.974960241995,9889189.18507222,-0.0664240804804083,1,"Q4 (Low)","Q4 (Low)","Balanced"
"SYN085",11426393033.471,1768787609.23049,50,"Industrials",0.0436396994667593,0.0231771950551774,1,15.4798421868497,28.2679501705422,1.1,8,10.4,0.121780165261589,-0.084866332449019,5.71854201572299,5.01672240802676,0,14.4113494553116,25.1,2,17,3,154.798421868496,35375752.1846098,-0.382659704256778,1.1,"Q3","Q2","Balanced"
"SYN086",29569706162.205,1142494377.797,218,"Consumer",0.00684414925612509,0.0205983727951534,1,3.86373260366484,190.810566980955,1,21,13.6,0.404063414805569,0.0792716568335891,1.42733470639613,21.8729096989967,5.33924541335163,5.90075143600917,34.5,3,12.2,2,38.6373260366482,5240799.89815138,0.157265245810721,1,"Q2","Q3","Balanced"
"SYN087",72681356752.0585,940425586.655038,62,"Industrials",0.0411917793049943,0.0252535090106539,1,1.29390207981829,65.9275979724513,1.1,4,1,0.558060913253576,0.000969245284795764,0.477991430259613,6.22073578595318,0.0652823297502431,1.25785885422688,8,1,13.2,2,12.9390207981829,15168154.6234684,0.00147288080065968,1.1,"Q4 (Low)","Q3","Balanced"
"SYN088",5493724661.87924,1272544893.30482,176,"Financials",0.029037023777375,0.00924228322994895,1,23.1636088742299,138.305533208283,0.8,12,15.3,0.173193776072003,0.0820938444696367,8.55706859262263,17.6588628762542,5.5293304070716,12.8612731577093,44.6,4,17.6,4,231.6360887423,7230368.7119592,0.300496759662636,0.9,"Q1 (High)","Q1 (High)","AI-Focused Leader"
"SYN089",11773497052.4907,1481455302.63893,274,"Financials",0.0124864017101936,0.0100054294492584,1,12.5829674567721,184.95326825718,0.8,30,5.2,0.247125975578092,0.0516217816621065,4.64838251637496,27.4916387959866,3.476921916077,10.6322807123706,46.2,4,12.8,2,125.829674567721,5406771.17751434,0.148711952702869,0.9,"Q1 (High)","Q3","General Innovator (Low AI)"
"SYN090",42345172786.1539,292609316.712944,62,"Industrials",0.0291270017649513,0.00484266533353366,1,0.691009854158919,211.886623079823,1.1,11,24.1,0.513854368031025,0.244490906503052,0.255271809119768,6.22073578595318,16.4673857377922,2.590648301773,25.5,2,14.7,3,6.91009854158918,4719505.10827329,0.398288127014997,1.1,"Q3","Q2","Balanced"
"SYN091",60056044859.5788,813400157.377589,250,"Financials",0.0379405623483472,0.0182820642678998,1,1.35440180797696,307.351796938425,0.8,13,15.1,0.590514177596197,0.255698200408369,0.500341157061654,25.0836120401338,17.222239300468,0.279420751079074,43.1,4,9.8,1,13.5440180797696,3253600.62951036,0.370301159200671,0.9,"Q1 (High)","Q4 (Low)","General Innovator (Low AI)"
"SYN092",20523357244.6741,917120428.171009,93,"Consumer",0.00604107182775624,0.0247012453952339,1,4.46866668663094,101.404349029132,1,9,9.5,0.437886437657289,0.189316145051271,1.65080862766861,9.33110367892977,12.7511572170157,4.88101628787801,28.6,2,13.5,2,44.6866668663094,9861509.98033343,0.3519630386589,1,"Q3","Q3","Balanced"
"SYN093",50609487803.4201,1116931774.01018,57,"Financials",0.0340101097836159,0.0234280011996161,1,2.2069612289866,51.032660477864,0.8,13,8.5,0.309439810598269,0.225934734568,0.815292491918893,5.7190635451505,15.2175574908366,8.75357199779188,30.5,2,11.5,2,22.0696122898659,19595294.2808804,0.551814280682346,0.9,"Q3","Q3","Balanced"
"SYN094",82647461650.6603,819970204.581274,156,"Financials",0.0065461578052491,0.019228833680274,1,0.992129931403311,190.250815369155,0.8,37,7,0.291153524210677,0.138974201213568,0.366511176069845,15.6521739130435,9.36043721101264,9.30488785858792,34.7,3,9.6,1,9.92129931403311,5256219.26013637,0.355293235549928,0.9,"Q2","Q4 (Low)","Balanced"
"SYN095",10113387779.3327,1996240977.30918,55,"Financials",0.0427499462766573,0.00409554586512968,1,19.7385981914845,27.5517838904083,0.8,11,9.1,0.245336963585578,0.132314464170486,7.29180583222345,5.51839464882943,8.911878774344,10.6862178905226,32.4,3,17.6,4,197.385981914845,36295290.4965305,0.383145965021196,0.9,"Q2","Q1 (High)","Balanced"
"SYN096",47570493956.3293,1500799836.69985,67,"Financials",0.0205486243991181,0.0259255925244652,1,3.15489647443564,44.6428620003905,0.8,8,16.3,0.32222634870559,0.0122384818270802,1.16547743334953,6.72240802675585,0.824307962917936,8.36806883362718,17.1,1,9.2,1,31.5489647443564,22399997.5626843,0.0289855947280398,0.9,"Q4 (Low)","Q4 (Low)","Balanced"
"SYN097",88213011715.794,377709463.51625,287,"Industrials",0.0284140961465891,0.0279006207610946,1,0.428178854989285,759.843286234348,1.1,44,16.7,0.358215260691941,0.0657977972179651,0.158177141005834,28.7959866220736,4.43173009165368,7.28303398454319,40.7,4,13.2,2,4.28178854989284,1316060.84848868,0.143595822449487,1.1,"Q1 (High)","Q3","General Innovator (Low AI)"
"SYN098",44137140875.2166,218375743.580749,58,"Healthcare",0.0247891258036252,0.0148026127165649,1,0.49476640138095,265.597263912936,1.3,12,4.9,0.41711475760676,-0.0735805840231478,0.182775821290297,5.81939799331104,0,5.50726463729727,11.5,1,14.3,3,4.94766401380949,3765099.02725429,-0.142290628802944,1.2,"Q4 (Low)","Q2","Balanced"
"SYN099",28388927306.0486,1487885898.16843,292,"Industrials",0.00721912851883099,0.00617631568596698,1,5.24107826311359,196.251607975752,1.1,51,2.8,0.553044334659353,0.0251090709120035,1.93615185545712,29.2976588628763,1.69119073645538,1.40910439896479,34.3,3,14.5,3,52.4107826311358,5095499.65126175,0.0384492592300049,1.1,"Q2","Q2","Balanced"
"SYN100",6656324651.55795,231039195.963647,279,"Industrials",0.0420894889349584,0.0127102513555437,1,3.47097246690891,1207.58730498655,1.1,49,14.6,0.451441996986978,0.180401758756489,1.28224179404113,27.9933110367893,12.150739639808,4.47232779301282,45.9,4,15.3,3,34.7097246690891,828097.476572211,0.327145483554363,1.1,"Q1 (High)","Q2","Balanced"
"SYN101",88607685908.2095,1995642861.71552,66,"Healthcare",0.0396545284762979,0.0292381917610764,1,2.25222320305582,33.0720497470496,1.3,6,15.3,0.117587512498721,0.190572138968855,0.832013108453159,6.62207357859532,12.835753149932,14.5377543424487,34.8,3,21.1,4,22.5222320305582,30237013.0562958,0.875841342089771,1.2,"Q2","Q1 (High)","Balanced"
"SYN102",15640658482.6764,1556466188.30203,108,"Healthcare",0.0335125579186715,0.0296375184953213,1,9.95141086947187,69.3879512524577,1.3,10,5.6,0.546207798668183,-0.0623643960803747,3.67623648232954,10.8361204013378,0,1.61522009927407,16.1,1,18.3,4,99.5141086947185,14411723.9657595,-0.0965082690257005,1.2,"Q4 (Low)","Q1 (High)","AI Specialist (Low Overall)"
"SYN103",32420766866.7659,816957896.689186,29,"Financials",0.0124212892728392,0.0165026330677792,1,2.51985987884401,35.4975453662004,0.8,4,7.5,0.289522716216743,-0.0673425300978124,0.930883083048502,2.90969899665552,0,9.35405532178475,13.2,1,8.1,1,25.1985987884401,28170961.9547995,-0.172884731221531,0.9,"Q4 (Low)","Q4 (Low)","Balanced"
"SYN104",68380982429.4876,557188368.953532,260,"Industrials",0.0477339737638831,0.00160539047373459,1,0.814829429407638,466.628548776623,1.1,62,24.5,0.270828412286937,-0.0158739799633622,0.301013067201062,26.0869565217391,0,9.91767256175299,36.3,3,12.4,2,8.14829429407639,2143032.18828282,-0.0428068061599319,1.1,"Q2","Q3","Balanced"
"SYN105",28980007929.9603,1913435048.38017,299,"Consumer",0.0353478177220095,0.00917452836316079,1,6.60260360523232,156.263469853926,1,73,25.7,0.407917722500861,0.0446432447060943,2.43912468453505,30,3.00689110150085,5.78454736265262,41.2,4,12.8,2,66.0260360523232,6399448.32234171,0.0878946386951848,1,"Q1 (High)","Q3","General Innovator (Low AI)"
"SYN106",43049469150.8356,509809477.873845,172,"Consumer",0.0296654124455526,0.0199100231351331,1,1.18424103230539,337.380938301352,1,34,10.2,0.234215682395734,0.0844062802381814,0.437480596123112,17.257525083612,5.685081687719,11.021514985973,34.4,3,11.6,2,11.8424103230539,2964008.5922898,0.252550328078976,1,"Q2","Q3","Balanced"
"SYN107",49266920048.2778,241092300.759628,177,"Consumer",0.0476912895103451,0.0279091928550042,1,0.489359392719042,734.158658083697,1,35,4.2,0.379369086492807,0.256339133344591,0.18077837154816,17.7591973244147,17.2654085538516,6.64526426830124,41.9,4,12.8,2,4.89359392719042,1362103.39412219,0.534742728656194,1,"Q1 (High)","Q3","General Innovator (Low AI)"
"SYN108",24900146526.5173,1090435179.11481,210,"Consumer",0.045680581868859,0.0198445521150716,1,4.37923197742452,192.583662029754,1,33,9.6,0.598993374640122,0.272733598481864,1.61776977975609,21.0702341137124,18.3696376854855,0.0237802280091251,41.1,4,13.6,3,43.7923197742453,5192548.47197529,0.390180520126219,1,"Q1 (High)","Q2","Balanced"
"SYN109",36654883015.9008,1347383347.96415,172,"Financials",0.00482075472781435,0.0167306021763943,1,3.67586317866477,127.654835767331,0.8,9,7.5,0.373077263846062,-0.0168029165826738,1.35793224045123,17.257525083612,0,6.8349573281682,25.5,2,8.6,1,36.7586317866479,7833624.11607064,-0.0355183346713137,0.9,"Q3","Q4 (Low)","Balanced"
"SYN110",7846316478.68082,749291708.975332,49,"Industrials",0.00431017422839068,0.0204172091314103,1,9.54959834989103,65.3950916753213,1.1,8,6.5,0.190828768559732,0.263821649458259,3.52779945109662,4.91638795986622,17.7693842676947,12.3295932497483,38.5,3,21,4,95.4959834989103,15291667.5301088,0.907137387971557,1.1,"Q2","Q1 (High)","Balanced"
"SYN111",36708827869.7338,295084714.249708,159,"Financials",0.0471014295218047,0.0287078040486667,1,0.803852183177451,538.828317164034,0.8,35,19.9,0.286610985430889,-0.0746314899064601,0.296957867917522,15.9531772575251,0,9.44184150923606,25.7,2,6.6,1,8.03852183177452,1855878.70597301,-0.193040272312183,0.9,"Q3","Q4 (Low)","Balanced"
"SYN112",98314936451.6139,1938042987.19182,150,"Healthcare",0.00919700871687382,0.0216371514680795,1,1.9712599703969,77.3976640308411,1.3,30,16.9,0.411790269915946,0.0249974214471877,0.728220055451717,15.0501672240803,1.68367072341752,5.66779337737818,23.1,1,16.1,3,19.712599703969,12920286.5812788,0.0488430963161788,1.2,"Q4 (Low)","Q2","Balanced"
"SYN113",19816230518.7434,139404352.178797,276,"Healthcare",0.0456878972195555,0.0108562617423013,1,0.703485721196774,1979.85210422992,1.3,39,3.3,0.163533386099152,0.100145716499537,0.259880626851698,27.6923076923077,6.74519215120532,13.1525256351462,47.8,4,17,3,7.03485721196773,505088.232531873,0.380011496766707,1.2,"Q1 (High)","Q2","Balanced"
"SYN114",87317345994.9903,1205172400.25569,136,"Technology",0.00924756227061152,0.0123424214606639,1,1.38022106206118,112.846925444979,1.5,21,8.5,0.528159642731771,0.276259871665388,0.509879270580139,13.6454849498328,18.6071454994181,2.15935653107664,34.9,3,20.3,4,13.8022106206118,8861561.76658596,0.439792455408272,1.3,"Q2","Q1 (High)","Balanced"
"SYN115",12145873624.3658,390541831.056355,127,"Technology",0.0156268876122776,0.00972864539991133,1,3.21542807981215,325.189236852003,1.5,20,36.1,0.59894529604353,0.146425347402692,1.18783893618978,12.742474916388,9.86230004198645,0.0252297564865934,23.8,2,19.6,4,32.1542807981214,3075132.5280028,0.209494717585985,1.3,"Q3","Q1 (High)","AI Specialist (Low Overall)"
"SYN116",20214796212.9675,1128783533.12751,23,"Industrials",0.00288785109948367,0.0264692790359259,1,5.58394713078243,20.3759173703341,1.1,1,10.2,0.102255545696244,0.296939551178366,2.06281400344606,2.30769230769231,20,15,39.4,4,23.5,4,55.8394713078241,49077544.9185874,1.46814046634016,1.1,"Q1 (High)","Q1 (High)","AI-Focused Leader"
"SYN117",73285501556.9366,296056673.150044,278,"Technology",0.0206392788884696,0.0129989645697642,1,0.403977139898583,939.009403308087,1.5,34,24.6,0.136668035550974,0.282418391853571,0.149236576529255,27.8929765886288,19.0219450883407,13.96249292698,61,4,23.7,4,4.03977139898583,1064952.06169081,1.19331024654887,1.3,"Q1 (High)","Q1 (High)","AI-Focused Leader"
"SYN118",27754542208.0439,1648361091.63333,94,"Consumer",0.0310281390161254,0.00120469391625375,1,5.93906784438187,57.0263399670865,1,16,24.7,0.547937817196362,0.066288420278579,2.194002211596,9.4314381270903,4.46477540735291,1.56306152350645,17.7,1,13,2,59.3906784438187,17535756.2939716,0.102306762345514,1,"Q4 (Low)","Q3","Balanced"
"SYN119",21796217727.7077,659722291.467479,124,"Technology",0.0130738245376851,0.0033657820194494,1,3.02677418490287,187.957875008552,1.5,27,38.3,0.518689651298337,-0.0271710915490985,1.1181466724443,12.4414715719064,0,2.44486865574714,16,1,18.3,4,30.2677418490287,5320341.06022161,-0.0439171586143056,1.3,"Q4 (Low)","Q1 (High)","AI Specialist (Low Overall)"
"SYN120",58670891060.0282,952721944.90931,118,"Technology",0.00212837726064026,0.00709714818536304,1,1.62384093320578,123.855654454598,1.5,14,16.7,0.499810805101879,0.132866337802261,0.599876990063288,11.8394648829431,8.9490495472899,3.01404968687757,24.4,2,19.3,4,16.2384093320578,8073914.78736703,0.22151374512117,1.3,"Q3","Q1 (High)","AI Specialist (Low Overall)"
"SYN121",9349670862.54619,380377377.62183,208,"Healthcare",0.0149264946812764,0.0204475158273708,1,4.06835046082298,546.82536932255,1.3,27,14.3,0.166982588148676,0.0196923602372408,1.50292435523407,20.8695652173913,1.32635481929532,13.0485351497799,36.7,3,16.7,3,40.6835046082298,1828737.39241264,0.0737589682300728,1.2,"Q2","Q2","Balanced"
"SYN122",47718679114.4777,1039353832.58807,178,"Industrials",0.0408317414938938,0.0141248320739251,1,2.1780859233229,171.260252686775,1.1,29,4.7,0.259346243948676,0.108446591813117,0.804625416007144,17.8595317725753,7.3042874472438,10.2638500953997,36.2,3,14.8,3,21.7808592332291,5839066.47521388,0.301788577560884,1.1,"Q2","Q2","Balanced"
"SYN123",31272220212.7334,990687939.20544,45,"Energy",0.0362270008756313,0.0134117803026456,1,3.16794884554456,45.422981565811,0.8,8,6.8,0.111404994293116,0.25700555332005,1.17029922242664,4.51505016722408,17.3102944555656,14.7241519671038,37.7,3,15.5,3,31.6794884554456,22015287.5378987,1.21570237344397,0.9,"Q2","Q2","Balanced"
"SYN124",89179556029.3831,284185359.056108,103,"Financials",0.0269492604422849,0.0173799513536505,1,0.318666487824265,362.43950195782,0.8,20,11.4,0.262153440527618,0.249226038064808,0.117721232160028,10.3344481605351,16.7863147280843,10.179215524687,37.4,3,11.1,2,3.18666487824265,2759081.15588454,0.688178021177191,0.9,"Q2","Q3","Balanced"
"SYN125",21946865388.4251,1506808279.31059,170,"Consumer",0.010032524951268,0.0023477489836514,1,6.86571067276554,112.821254259222,1,22,25.9,0.379951344826259,0.0577549805864692,2.53632133744615,17.056856187291,3.89001602226959,6.62770967862082,30.1,2,13.2,2,68.6571067276555,8863578.11359171,0.120335073980002,1,"Q3","Q3","Balanced"
"SYN126",52581538125.407,22838733.0456171,228,"Financials",0.0339094843058847,0.020076340502128,1,0.0434348896206626,9983.04063297217,0.8,53,7.2,0.376365103432909,-0.0819679400883615,0.0160455517171791,22.876254180602,0,6.73583178274245,29.6,2,6.4,1,0.434348896206625,100169.881779022,-0.172069573311862,0.9,"Q3","Q4 (Low)","Balanced"
"SYN127",2401979963.06233,356745946.342824,266,"Healthcare",0.0218017406945583,0.0214082426240202,1,14.8521616261945,745.628654584292,1.3,65,32.9,0.591263163043186,0.147810434643179,5.48666512178384,26.6889632107023,9.95559089764989,0.256839481832907,42.4,4,21.4,4,148.521616261945,1341150.17422114,0.21382657509546,1.2,"Q1 (High)","Q1 (High)","AI-Focused Leader"
"SYN128",53154842754.826,228238811.145304,222,"Consumer",0.0285216058630031,0.0224222743045539,1,0.429384792271974,972.665423930324,1,21,18.2,0.593859017151408,0.0262350078672171,0.158622636706869,22.2742474916388,1.76702684186777,0.17857670546371,24.4,2,10.1,1,4.29384792271974,1028102.75290677,0.0378102859784443,1,"Q3","Q4 (Low)","Balanced"
"SYN129",39169420104.4738,1073869365.10843,131,"Energy",0.022696630663937,0.0170841999647673,1,2.74160138762375,121.988767215435,0.8,26,16,0.467693941807374,0.172372355964035,1.01279852784029,13.1438127090301,11.6099290431334,3.98234558676529,29.7,2,10.1,1,27.4160138762375,8197476.06953,0.303636067376817,0.9,"Q3","Q4 (Low)","Balanced"
"SYN130",1151851021.21904,1091303534.57155,6,"Consumer",0.0467203398954589,0.00290562045853585,1,94.7434619988079,5.49801206531933,1,1,58.1,0.514111076854169,0.0528884025290609,35,0.602006688963211,3.5622336141602,2.58290875078894,41.7,4,49.8,4,947.434619988086,181883922.428592,0.0861218833569746,1,"Q1 (High)","Q1 (High)","AI-Focused Leader"
"SYN131",57071964091.3885,42822281.294968,270,"Industrials",0.023615111512132,0.0176009531777818,1,0.0750320791946064,6305.12882161015,1.1,46,0.1,0.125373914279044,0.260324797872454,0.0277181422590393,27.0903010033445,17.5338581094629,14.3030010027583,59,4,18.4,4,0.750320791946065,158601.041833215,1.15507954283536,1.1,"Q1 (High)","Q1 (High)","AI-Focused Leader"
"SYN132",45334766248.2411,302314164.200798,38,"Technology",0.0318201903679874,0.0155887429376598,1,0.666848401832285,125.697054587096,1.5,7,6.3,0.217244257591665,0.257229018583894,0.246346118458405,3.81270903010033,17.3253456848785,11.5331888970378,32.9,3,22,4,6.66848401832285,7955635.900021,0.810823245585682,1.3,"Q2","Q1 (High)","Balanced"
"SYN133",61972669626.819,1113118709.4904,299,"Technology",0.0290275845599826,0.0141932211981621,1,1.79614452014617,268.614656685526,1.5,71,15.6,0.227558123553172,0.228169087506831,0.663529145409012,30,15.3680495980661,11.2222346786591,57.3,4,21.7,4,17.9614452014617,3722805.04846288,0.696575877990071,1.3,"Q1 (High)","Q1 (High)","AI-Focused Leader"
"SYN134",5971110468.96316,1509301212.79531,19,"Industrials",0.0345206187961157,0.0212976555654313,1,25.2767256717223,12.5886071242273,1.1,4,27.9,0.243644593306817,0.189942984748632,9.33769330883459,1.90635451505017,12.7933772375467,10.7372414038399,34.8,3,26.7,4,252.767256717223,79436905.9365953,0.55273089828317,1.1,"Q2","Q1 (High)","Balanced"
"SYN135",65621725734.7889,1323022580.98498,248,"Consumer",0.0472961643289309,0.0128356779722963,1,2.01613500128295,187.449559489276,1,41,12.8,0.213267268287018,0.0934635393321514,0.744797727964657,24.8829431438127,6.29512228743214,11.6530917157619,43.6,4,12.2,2,20.1613500128295,5334768.47171363,0.298350797525771,1,"Q1 (High)","Q3","General Innovator (Low AI)"
"SYN136",32978247141.9312,1531833103.78715,107,"Healthcare",0.00265566785703413,0.0273214373176452,1,4.64498036294797,69.8509516052785,1.3,23,19.1,0.24651849726215,-0.031908661685884,1.71594218474534,10.7357859531773,0,10.6505956629061,23.1,2,16.4,3,46.4498036294796,14316197.2316556,-0.092083574002528,1.2,"Q3","Q2","Balanced"
"SYN137",16686667877.7151,286541226.652917,121,"Technology",0.0169678863792215,0.0077143202975858,1,1.71718661120828,422.27780418685,1.5,9,12.5,0.163038630760275,-0.0605317019857466,0.634360622717568,12.1404682274247,0,13.167442084542,25.9,2,16.7,3,17.1718661120828,2368109.31118113,-0.230124760803341,1.3,"Q3","Q2","Balanced"
"SYN138",21975554055.0686,1172501896.41723,290,"Technology",0.0404286772024352,0.0141889165930916,1,5.33548275269445,247.334354755537,1.5,59,32.5,0.455099360225722,0.0488197308033705,1.97102663283604,29.0969899665552,3.28819321034438,4.36206142621347,38.7,3,19.8,4,53.3548275269445,4043109.98764562,0.0879477338678948,1.3,"Q2","Q1 (High)","Balanced"
"SYN139",37859225434.484,1414830427.31974,162,"Energy",0.0114537377282977,0.0239403237393126,1,3.73708233880308,114.501354276705,0.8,28,7.2,0.523967054230161,0.0873592182993889,1.38054773883088,16.2541806020067,5.88397321628023,2.28575948079184,25.8,2,9.6,1,37.3708233880307,8733521.15629469,0.140006139277932,0.9,"Q3","Q4 (Low)","Balanced"
"SYN140",67695112790.4467,840764984.856593,189,"Industrials",0.0203350596898235,0.0284080828232691,1,1.24198771550794,224.795279779922,1.1,15,11.7,0.593101308122277,0.279798770323396,0.458813296824119,18.9632107023411,18.8455036867302,0.201420983234156,38.5,3,15,3,12.4198771550794,4448491.98336822,0.403691014638849,1.1,"Q2","Q2","Balanced"
"SYN141",16507708398.6253,1981803455.46687,100,"Industrials",0.0395092254166957,0.0235529059339315,1,12.0053214389946,50.4590905440934,1.1,7,6.9,0.596697345632128,0.208127233944833,4.43498931480954,10.0334448160535,14.01815508368,0.0930035345966004,28.6,2,18.8,4,120.053214389946,19818034.5546687,0.298734070467851,1.1,"Q3","Q1 (High)","AI Specialist (Low Overall)"
"SYN142",40972889130.7022,172950302.276528,31,"Consumer",0.00207441396545619,0.0122854278229643,1,0.422109121289498,179.242242378013,1,4,20.1,0.32367490385659,0.0223434589803219,0.155934868286929,3.11036789297659,1.50491633005134,8.32439613742975,13.1,1,10.3,2,4.221091212895,5579042.00892026,0.0527372727932097,1,"Q4 (Low)","Q3","Balanced"
"SYN143",26994778913.4458,1098681533.46144,296,"Energy",0.0327619260288775,0.0258266153784934,1,4.06997789085132,269.413830109114,0.8,61,8.7,0.136533983889967,0.259662616997957,1.50352555820853,29.6989966555184,17.4892577272054,13.9665344696592,62.7,4,14.7,3,40.6997789085133,3711761.93736973,1.09778143811567,0.9,"Q1 (High)","Q2","Balanced"
"SYN144",35610334590.7759,757990297.812736,201,"Energy",0.0291742929776665,0.0149229516277555,1,2.12856831176497,265.174898122057,0.8,40,1.6,0.420741978939623,0.133131536841393,0.786332687694263,20.1672240802676,8.96691170395303,5.39790702312461,35.3,3,9.5,1,21.2856831176497,3771096.00901859,0.25565739315368,0.9,"Q2","Q4 (Low)","Balanced"
"SYN145",12203831754.392,776053338.381927,0,"Consumer",0.0300668688630685,0.00525361195998266,1,6.35909568404723,0,1,0,3.4,0.497268397849984,0.198806889075786,2.34916832145278,0,13.3903946636173,3.09070108633959,18.8,1,13.9,3,63.5909568404723,0,0.332860217937933,1,"Q4 (Low)","Q2","Balanced"
"SYN146",30043617377.0577,651293362.103868,110,"Consumer",0.0300503062577918,0.0173456701892428,1,2.16782604414746,168.894704599273,1,9,24.7,0.402156342775561,0.286179189756513,0.800835225479477,11.0367892976589,19.2752490276791,5.95824802309845,37.1,3,13.7,3,21.6782604414746,5920848.7463988,0.56990057752675,1,"Q2","Q2","Balanced"
"SYN147",14079070795.0946,1992916749.50486,160,"Energy",0.0364140567595605,0.00563628890109248,1,14.1551724436191,80.2843370350277,0.8,38,12.7,0.171555291186087,-0.074432762619108,5.22918433156138,16.0535117056856,0,12.9106720726193,34.2,3,11.4,2,141.551724436191,12455729.6844054,-0.274098001530384,0.9,"Q2","Q3","Balanced"
"SYN148",46361748643.4523,1493069783.53648,167,"Consumer",0.0378595585366711,0.009923297758447,1,3.22047771540936,111.85009692209,1,18,21.4,0.591189693915658,0.155619841720909,1.1897043656633,16.7558528428094,10.4815839522456,0.259054513055032,28.7,2,12.4,2,32.2047771540935,8940537.62596695,0.225147803983169,1,"Q3","Q3","Balanced"
"SYN149",73825769415.8237,1559800129.59824,163,"Financials",0.00487027742550708,0.0239114982355386,1,2.11281256117043,104.50056831447,0.8,13,19,0.53154488352593,0.120088937040418,0.780512219866282,16.3545150501672,8.08844335918614,2.05729442273624,27.3,2,9.3,1,21.1281256117043,9569325.94845546,0.190151072667961,0.9,"Q3","Q4 (Low)","Balanced"
"SYN150",6331066514.59821,1809435462.33419,165,"Financials",0.0367284659252036,0.0231265707707498,1,28.5802630277535,91.188662671145,0.8,32,19.4,0.14043135268148,0.123063853010535,10.558081559076,16.5551839464883,8.28881518289984,13.8490321411607,49.3,4,20.8,4,285.802630277534,10966275.5292981,0.511846111740544,0.9,"Q1 (High)","Q1 (High)","AI-Focused Leader"
"SYN151",39868439486.9488,1333783264.56249,175,"Consumer",0.0429526279745623,0.0253825426674448,1,3.34546142694928,131.205724835215,1,20,15.6,0.39364828101825,-0.0484211394563317,1.23587567738055,17.5585284280936,0,6.21475879253607,25,2,10.7,2,33.4546142694929,7621618.6546428,-0.0980883380297675,1,"Q3","Q3","Balanced"
"SYN152",84313756684.5398,1383965407.96524,19,"Consumer",0.0359026870860253,0.00358638127055019,1,1.64144673702934,13.7286668370812,1,4,2.4,0.277413434372283,-0.0422914927825332,0.606380902023934,1.90635451505017,0,9.71913979012326,12.2,1,11.8,2,16.4144673702935,72840284.6297495,-0.112056140377919,1,"Q4 (Low)","Q3","Balanced"
"SYN153",40390010701.9581,1892192781.44976,18,"Technology",0.034077745243907,0.0103490769681521,1,4.68480386255017,9.51277278745813,1.5,2,7.9,0.294248295854777,0.0266118686646223,1.73065372748279,1.80602006688963,1.79240983957958,9.21158314615095,14.5,1,22.3,4,46.8480386255017,105121821.191653,0.0675002757004304,1.3,"Q4 (Low)","Q1 (High)","AI Specialist (Low Overall)"
"SYN154",46180641159.1824,260068475.657376,269,"Financials",0.0488474574438296,0.0154347082343884,1,0.563154753007721,1034.34297186558,0.8,50,15,0.473894515796564,0.174092463497072,0.208039752580894,26.9899665551839,11.7257847805191,3.79540359571131,42.7,4,9.1,1,5.63154753007722,966797.307276491,0.303352721981377,0.9,"Q1 (High)","Q4 (Low)","General Innovator (Low AI)"
"SYN155",95856392160.9893,1901182654.49791,176,"Energy",0.0416345845533069,0.00639953164826147,1,1.98336554468366,92.5739563127249,0.8,36,10.2,0.480581834469922,-0.0456003839150071,0.732692080142162,17.6588628762542,0,3.59378666963489,22,1,7.9,1,19.8336554468366,10802174.1732836,-0.0785425605963728,0.9,"Q4 (Low)","Q4 (Low)","Balanced"
"SYN156",77813505304.7445,1905325154.39903,247,"Energy",0.0474167908919044,0.00953793244622648,1,2.44857900558152,129.636665652434,0.8,22,14.6,0.194366741133854,0.257954695262015,0.904550600372717,24.7826086956522,17.374222749267,12.2229264091535,55.3,4,13,2,24.4857900558151,7713867.02185842,0.876303804799464,0.9,"Q1 (High)","Q3","General Innovator (Low AI)"
"SYN157",48195093976.5666,176617501.052562,172,"Technology",0.014462616112316,0.0190427209448535,1,0.366463651131041,973.855925799856,1.5,10,35.8,0.593231980944984,0.282452027127147,0.13537839483384,17.257525083612,19.0242105510211,0.19748130963362,36.6,3,19.6,4,3.6646365113104,1026845.9363521,0.407442291889247,1.3,"Q2","Q1 (High)","Balanced"
"SYN158",98472403224.3248,1687829976.29116,101,"Technology",0.0291322827502154,0.00947275716764852,1,1.71401318646221,59.8401506186881,1.5,8,19.3,0.18828398748301,0.128188088163733,0.633188300489678,10.133779264214,8.63395176931033,12.4063162179942,31.8,3,20.7,4,17.140131864622,16711187.8840709,0.444659064427879,1.3,"Q2","Q1 (High)","Balanced"
"SYN159",30265565979.993,1514488398.51655,269,"Energy",0.00260435603535734,0.00416138763562776,1,5.00399827155951,177.617735641611,0.8,50,11.3,0.56051740902476,0.0707865386269987,1.84857008934459,26.9899665551839,4.76774066277742,1.18379761227065,34.8,3,9.8,1,50.039982715595,5630068.3959723,0.107168316322674,0.9,"Q2","Q4 (Low)","Balanced"
"SYN160",18952602087.2872,1177281690.28321,21,"Financials",0.022744359674165,0.0263815388239454,1,6.21171533524093,17.8377020328483,0.8,5,13.5,0.599782127677463,0.0621775971725583,2.29472327463914,2.10702341137124,4.18789594891045,0,8.6,1,11.6,2,62.1171533524092,56061032.870629,0.0888527939101877,0.9,"Q4 (Low)","Q3","Balanced"
"SYN161",77482918691.3557,610700107.946992,210,"Financials",0.0163852048940025,0.0210788695607334,1,0.788173855943199,343.867632029677,0.8,34,13.3,0.311035517393611,0.28746319944039,0.29116600172137,21.0702341137124,19.3617319282413,8.70546280564617,49.4,4,11.3,2,7.88173855943199,2908095.75212853,0.699363406021949,0.9,"Q1 (High)","Q3","General Innovator (Low AI)"
"SYN162",87201546830.1252,28336416.3297229,16,"Industrials",0.0121519748710562,0.0257558677024208,1,0.0324953138559849,564.644442466677,1.1,3,7.7,0.390460274321958,0.00285168308764697,0.0120042686054672,1.60535117056856,0.192071623758468,6.3108744618817,8.1,1,12.3,2,0.32495313855985,1771026.02060768,0.00581429982599366,1.1,"Q4 (Low)","Q3","Balanced"
"SYN163",31990742997.2664,647061604.66047,260,"Energy",0.00992995103844441,0.0286637437397148,1,2.02265263021794,401.816454766202,0.8,23,20.3,0.487495434028096,-0.0836999593302608,0.747205461528551,26.0869565217391,0,3.38534756883417,30.2,2,7.3,1,20.2265263021794,2488698.47946335,-0.142469123132381,0.9,"Q3","Q4 (Low)","Balanced"
"SYN164",91512236547.1907,340617402.371485,247,"Energy",0.0418127444451675,0.0284044625288807,1,0.37220967951738,725.153789208387,0.8,39,13,0.200601217476651,0.0729271948337555,0.137501084778738,24.7826086956522,4.91192194130781,12.0349622911971,41.9,4,8.7,1,3.7220967951738,1379017.82336634,0.242604455983017,0.9,"Q1 (High)","Q4 (Low)","General Innovator (Low AI)"
"SYN165",91595839583.5478,438303395.085968,51,"Technology",0.0493573206325527,0.00157985329115763,1,0.478518890245202,116.357757142166,1.5,4,22,0.168477685097605,-0.0133282924070954,0.176773687955999,5.11705685618729,0,13.0034592582675,18.3,1,17.4,3,4.78518890245202,8594184.21737192,-0.0496439486292871,1.3,"Q4 (Low)","Q2","Balanced"
"SYN166",80942342140.0134,945856796.516106,245,"Healthcare",0.0102949536996894,0.0124830794052687,1,1.16855624819945,259.024411414512,1.3,34,20.4,0.427496711397544,0.241138959117234,0.431686344638258,24.5819397993311,16.2416194245802,5.19425762922622,46.4,4,17.7,4,11.6855624819945,3860639.98578002,0.457138317466213,1.2,"Q1 (High)","Q1 (High)","AI-Focused Leader"
"SYN167",35930863326.8811,17051537.9023273,135,"Financials",0.0176419875696301,0.00867160057835281,1,0.0474565215625376,7917.17443747844,0.8,15,18.5,0.433233825978823,0.214708769507706,0.0175312174868426,13.5451505016722,14.4614463553718,5.02128854207413,33,3,9.4,1,0.474565215625378,126307.688165387,0.402654068529091,0.9,"Q2","Q4 (Low)","Balanced"
"SYN168",67881736356.9979,1553748849.41778,76,"Industrials",0.0235867182316724,0.0158747895765118,1,2.28890557726225,48.9139541622049,1.1,6,11.6,0.25941577241756,0.121182194445282,0.845564260944517,7.62541806020067,8.16207837348622,10.261753871658,26.9,2,15.5,3,22.8890557726225,20444063.8081287,0.337164375481262,1.1,"Q3","Q2","Balanced"
"SYN169",27620792443.1656,1583051061.01278,173,"Technology",0.0213164286436513,0.0230804441065993,1,5.73137452254557,109.282640503914,1.5,15,12.9,0.515805346216075,0.0189077989198267,2.11727642880444,17.3578595317726,1.27351165210519,2.53182798174263,23.3,2,19.8,4,57.3137452254555,9150584.16770393,0.0307041811767453,1.3,"Q3","Q1 (High)","AI Specialist (Low Overall)"
"SYN170",95815302053.6993,238919299.072586,205,"Consumer",0.0424530422918033,0.00275104838353582,1,0.249354011260837,858.030308961015,1,40,2.4,0.151290471921675,0.261487794108689,0.0921159118996983,20.5685618729097,17.612190297386,13.5216390037845,51.8,4,15.4,3,2.49354011260837,1165459.99547603,1.04057982027346,1,"Q1 (High)","Q2","Balanced"
"SYN171",13016438378.254,388057276.214706,182,"Consumer",0.0429491034843959,0.0280571266815532,1,2.98128616244992,469.002931153138,1,24,9.2,0.438452143943869,0.290588989108801,1.10134254942539,18.2608695652174,19.5722656652262,4.86396072822349,43.8,4,13.8,3,29.8128616244991,2132182.83634454,0.539674681171097,1,"Q1 (High)","Q2","Balanced"
"SYN172",32974480549.3392,1998678825.47434,202,"Healthcare",0.0231277754320763,0.0111193071075249,1,6.06128979798105,101.066763416608,1.3,27,26.9,0.450023036357015,0.228833003155887,2.23915327847335,20.2675585284281,15.4127668239406,4.5151082397674,42.4,4,19.5,4,60.6128979798104,9894449.63106109,0.416042580091779,1.2,"Q1 (High)","Q1 (High)","AI-Focused Leader"
"SYN173",63249836907.7221,1806559569.66104,73,"Energy",0.0368917730224784,0.0129421389105264,1,2.85622802837691,40.40829941395,0.8,11,3.1,0.237717759702355,0.00290598645806313,1.0551437446378,7.32441471571906,0.195729160802668,10.9159303569264,19.5,1,9.1,1,28.5622802837691,24747391.3652197,0.00860477832324927,0.9,"Q4 (Low)","Q4 (Low)","Balanced"
"SYN174",24951020075.0083,11649356.3486729,286,"Consumer",0.0341223584921099,0.0288732478506863,1,0.0466888981438528,24550.7126265033,1,39,17.8,0.582024359051138,0.0346267734654248,0.0172476430937566,28.695652173913,2.33224394177286,0.535381503304134,31.6,3,10.1,2,0.466888981438528,40732.01520515,0.0507705817334722,1,"Q2","Q3","Balanced"
"SYN175",92945793209.8303,1447855666.76501,279,"Healthcare",0.0377278299494647,0.0164011145031545,1,1.55774200936281,192.698765770885,1.3,22,32,0.341009646095335,-0.0937982742674649,0.575458816052239,27.9933110367893,0,7.80176851712103,36.4,3,14.3,3,15.5774200936281,5189446.83428319,-0.212689847258325,1.2,"Q2","Q2","Balanced"
"SYN176",59687346574.8504,814077185.900649,210,"Consumer",0.0480019676540978,0.0108168463504408,1,1.36390245607545,257.960797375335,1,45,5.5,0.590437820437364,0.00662028463557363,0.50385087348363,21.0702341137124,0.445901168052682,0.281722853969583,22.3,1,10.4,2,13.6390245607545,3876558.02809833,0.0095885312762559,1,"Q4 (Low)","Q3","Balanced"
"SYN177",36730754035.7579,46813968.4132766,81,"Consumer",0.0497930784064811,0.0192918872837909,1,0.127451694478427,1730.25280157681,1,14,2.8,0.240222748043016,0.0853352384641766,0.0470829248178794,8.12709030100334,5.74765053193721,10.8404071055651,24.8,2,11.1,2,1.27451694478427,577950.227324402,0.250821671845962,1,"Q3","Q3","Balanced"
"SYN178",61227470576.2975,795803558.502812,292,"Healthcare",0.0490373431649059,0.00453042420977727,1,1.29974919919505,366.924722665673,1.3,61,2.3,0.171670175995678,0.140546956844628,0.480151465099881,29.2976588628763,9.46636824140708,12.9072083940817,52.2,4,18,4,12.9974919919505,2725354.65240689,0.517344078456606,1.2,"Q1 (High)","Q1 (High)","AI-Focused Leader"
"SYN179",60710270953.3647,355895198.975457,16,"Industrials",0.0287323603581171,0.0270265913568437,1,0.586219091739587,44.957054902849,1.1,3,23,0.435533838602714,0.0382144857198,0.216560149039123,1.60535117056856,2.57388990911792,4.95194513288183,9.3,1,13.5,2,5.86219091739587,22243449.9359661,0.0713577424341796,1.1,"Q4 (Low)","Q3","Balanced"
"SYN180",88219318190.5896,507842041.973257,180,"Healthcare",0.0458840271739755,0.0159845500444062,1,0.57565854326386,354.440918874296,1.3,42,19.1,0.107277536788024,0.167041284870356,0.212658885669919,18.0602006688963,11.2508612751299,14.8485912731,44.4,4,19.3,4,5.75658543263859,2821344.67762921,0.805882236246294,1.2,"Q1 (High)","Q1 (High)","AI-Focused Leader"
"SYN181",63425140089.5882,1827375875.53705,197,"Financials",0.0486094471500255,0.0244744920136873,1,2.88115386573191,107.804859764882,0.8,44,10.5,0.289096381887794,0.0779963505454362,1.06435181337053,19.7658862876254,5.25334871935502,9.36690893637711,35.5,3,9.6,1,28.8115386573191,9276019.6727769,0.200455090759308,0.9,"Q2","Q4 (Low)","Balanced"
"SYN182",86721386743.011,750358696.730807,232,"Consumer",0.0482079559017438,0.0269175193724222,1,0.865252188545382,309.185461580957,1,26,9.4,0.571134553081356,-0.0485172200948,0.319640173894471,23.2775919732441,0,0.863699819274834,24.5,2,9.8,1,8.65252188545381,3234304.72728796,-0.0722913458591048,1,"Q3","Q4 (Low)","Balanced"
"SYN183",92328976769.466,600230527.99399,224,"Financials",0.0304070288485382,0.0120076696902979,1,0.650099837554457,373.189948782883,0.8,23,5.8,0.305916997161694,-0.0182125180028379,0.240158886757889,22.4749163879599,0,8.85978180338298,31.6,3,7.3,1,6.50099837554456,2679600.57140174,-0.0448675914785187,0.9,"Q2","Q4 (Low)","Balanced"
"SYN184",57309100331.9714,1542380976.25342,252,"Financials",0.0106068340695929,0.00266129692690447,1,2.69133692087112,163.383757891082,0.8,50,13,0.45784840665292,-0.0235713702626526,0.994229897303223,25.2842809364548,0,4.27918003273343,30.6,2,8.2,1,26.9133692087112,6120559.42957706,-0.0422540783150756,0.9,"Q3","Q4 (Low)","Balanced"
"SYN185",74914920204.5519,29619017.5411757,248,"Technology",0.00454169699829072,0.0110262314288411,1,0.0395368739101667,8372.99885640149,1.5,49,30.7,0.231750878761522,-0.00141470376402139,0.0146055520865829,24.8829431438127,0,11.0958267028786,36,3,17.3,3,0.395368739101667,119431.52234345,-0.00426435573977287,1.3,"Q2","Q2","Balanced"
"SYN186",39804352000.1229,382767903.814092,141,"Consumer",0.0209745935869869,0.0125946967042983,1,0.96162325117844,368.369444237631,1,33,2.8,0.176116509153508,0.112122075539082,0.355241439999709,14.1471571906355,7.55184515462089,12.7731552604745,34.8,3,12.3,2,9.61623251178439,2714665.98449711,0.406067988773347,1,"Q2","Q3","Balanced"
"SYN187",15007374655.6882,1998612848.19804,52,"Financials",0.00163530150847509,0.0185881873646285,1,13.3175381707454,26.018045489342,0.8,11,24.2,0.528528513410129,-0.014411158952862,4.91974662450824,5.21739130434783,0,2.14823539629559,12.3,1,13.2,2,133.175381707454,38434862.4653469,-0.0229284092056114,0.9,"Q4 (Low)","Q3","Balanced"
"SYN188",94566750393.2491,38249559.3419299,295,"Healthcare",0.0494764320286922,0.0207213661954738,1,0.0404471541877793,7712.50715237955,1.3,23,5.5,0.183751174272038,-0.0896603842265904,0.0149418265813141,29.5986622073579,0,12.5429766510786,42.2,4,13.1,2,0.404471541877793,129659.523192983,-0.315982425294322,1.2,"Q1 (High)","Q3","General Innovator (Low AI)"
"SYN189",25050281342.5846,1436044561.89251,121,"Financials",0.0373605318004265,0.00700129936309531,1,5.73264843717059,84.2592237113716,0.8,13,3.8,0.416045384970494,0.0368009875528514,2.11774703660228,12.1404682274247,2.47868547027915,5.53950530568551,22.3,1,10.1,2,57.3264843717058,11868136.8751447,0.071313470916818,0.9,"Q4 (Low)","Q3","Balanced"
"SYN190",3202322272.11818,1075169112.70423,230,"Consumer",0.0404115189830773,0.0293042645948008,1,33.5746692975113,213.91983575636,1,20,33.9,0.159904885943979,0.0576541095040739,12.4031082900184,23.0769230769231,3.88322197398636,13.2619218047154,52.6,4,23.5,4,335.746692975113,4674648.31610535,0.221827724764285,1,"Q1 (High)","Q1 (High)","AI-Focused Leader"
"SYN191",23551636651.624,783541081.578471,28,"Consumer",0.00878300486109219,0.00179929624032229,1,3.32690714097121,35.7352034989576,1,6,14.3,0.185065759136342,-0.0498616363853216,1.22902137844008,2.80936454849498,0,12.5033430441947,16.5,1,10.9,2,33.2690714097121,27983610.056374,-0.174912751837985,1,"Q4 (Low)","Q3","Balanced"
"SYN192",24410308706.5741,999048715.414712,269,"Consumer",0.0410756504400633,0.00880324360006489,1,4.09273281802311,269.256139214729,1,20,17.9,0.406404512375593,0.229766380228102,1.51193165227156,26.9899665551839,15.4756332941371,5.83016935090624,49.8,4,13.8,3,40.9273281802312,3713935.7450361,0.453721036469927,1,"Q1 (High)","Q2","Balanced"
"SYN193",56072838733.4384,1979862830.1071,240,"Energy",0.0263202424929477,0.0097687379384879,1,3.53087675749584,121.220519093748,0.8,18,5.9,0.399580021644942,0.247095063794404,1.30437155511008,24.0802675585284,16.6427855645258,6.03592189693528,48.1,4,11.4,2,35.3087675749584,8249428.45877958,0.494605574860273,0.9,"Q1 (High)","Q3","General Innovator (Low AI)"
"SYN194",66607888332.8009,990052715.931786,189,"Energy",0.0448571976476815,0.0281344819921069,1,1.48638958644818,190.898925843684,0.8,12,15,0.421005721692927,-0.0264108714647591,0.549099901601858,18.9632107023411,0,5.38995540517524,24.9,2,7.7,1,14.8638958644818,5238374.15836924,-0.0506920948563503,0.9,"Q3","Q4 (Low)","Balanced"
"SYN195",50344104354.2698,1953380679.78388,191,"Healthcare",0.0481487540616654,0.0185814352894668,1,3.88005845935405,97.7791999156725,1.3,12,17.4,0.245897449343465,-0.0241692685522139,1.43336578166819,19.1638795986622,0,10.6693197253335,31.3,2,16.1,3,38.8005845935406,10227123.9779261,-0.0698740872420096,1.2,"Q3","Q2","Balanced"
"SYN196",12441757603.7813,1496098101.23662,271,"Energy",0.0385055405749008,0.0106438181432895,1,12.0248131243284,181.137854380004,0.8,42,23.7,0.393833311880007,0.0168624060228467,4.44218990653749,27.190635451505,1.13574671719752,6.20918027065024,39,4,12,2,120.248131243284,5520657.20013513,0.0341459468553307,0.9,"Q1 (High)","Q3","General Innovator (Low AI)"
"SYN197",64710467867.7861,1369325298.14774,246,"Energy",0.0321528747789562,0.0172301939635072,1,2.11608004588299,179.650518640647,0.8,18,18.9,0.370556088420562,0.259843327011913,0.781719289598296,24.6822742474916,17.5014292289968,6.91096860626293,49.9,4,11.1,2,21.1608004588298,5566363.00060057,0.55220479217278,0.9,"Q1 (High)","Q3","General Innovator (Low AI)"
"SYN198",63087896891.4039,989999257.284682,150,"Energy",0.0477176386481151,0.00538672147458419,1,1.56923800929489,151.515265184554,0.8,30,11.6,0.303026815317571,0.260576954018325,0.579705652618589,15.0501672240803,17.5508417780157,8.94691830871141,42.1,4,11.4,2,15.6923800929489,6599995.04856455,0.646549917064449,0.9,"Q1 (High)","Q3","General Innovator (Low AI)"
"SYN199",26292542386.8,109980079.178466,219,"Consumer",0.0199639237904921,0.0142648254442029,1,0.418293817161174,1991.2697066223,1,43,2.1,0.584490237780847,-0.0708261093124747,0.154525423855855,21.9732441471572,0,0.461037373190853,22.6,1,9.4,1,4.18293817161176,502192.142367425,-0.103472782230024,1,"Q4 (Low)","Q4 (Low)","Balanced"
