"ticker","market_cap","rd_expense","patent_activity","industry","fund_weight","revenue_growth","volatility_360d","rd_intensity_score","patent_score","growth_score","stability_score","innovation_score","innovation_quartile","ai_score_phase2","ai_quartile_phase2","ai_rd_efficiency","ai_patent_momentum","ai_industry_exposure"
NA,4.51e+12,12914,171,"Unknown",5.79702849401973,0.240639101434499,0.374344616918825,0,17.1571906354515,16.0586744876825,6.73716767219212,40,4,100,4,75.5204678362573,0.999941523887492,1
"SYN001",91896369429.7709,472273757.757619,234,"Financials",0.0263087338625919,0.177056938409805,0.583868279261515,0.189851491752592,23.4782608695652,11.8156181716073,0.419767482338617,35.9,3,22.2,1,2018263.92204111,1.36834103268815,0.9
"SYN002",35786988908.1921,707305866.346694,104,"Technology",0.0403614739950281,0.0708245096728206,0.25102828561794,0.73013107708253,10.4347826086957,4.72636300503777,10.4553091272516,26.3,2,48.1,4,6801017.94564129,0.444425451903765,1.3
"SYN003",26144852347.672,615102176.832967,7,"Technology",0.00301533912937157,0.287421359214932,0.132722824602388,0.869120138524178,0.702341137123746,19.1806153735003,14.0223665828337,34.8,3,68.2,4,87871739.5475667,0.0673012210364388,1.3
"SYN004",71697043128.5445,1541754085.54543,187,"Healthcare",0.0359546826540027,-0.0411145683377981,0.118371690181084,0.794387863426421,18.7625418060201,0,14.4550712153514,34,3,36.7,3,8244674.25425364,26.6761768901569,1.2
"SYN005",22628578355.7687,457572965.84337,39,"Industrials",0.035732161269756,0.0084395356476307,0.405334139964543,0.747002097997481,3.91304347826087,0.563199226495551,5.80279483533185,11,1,33.4,2,11732640.14983,0.208544997593712,1.1
"SYN006",44893199697.6025,921196197.732585,54,"Energy",0.0448792415293865,0.0736190026625991,0.219216777384281,0.758036838120899,5.4180602006689,4.91284912891975,11.4144658444827,22.5,1,24.4,1,17059188.8468997,1.38426044603948,0.9
"SYN007",69925055512.2271,1676215117.00028,191,"Technology",0.0144829543246888,0.250222463347018,0.50854004630819,0.885555280093358,19.1638795986622,16.6982051729842,2.69100781786851,39.4,4,51.6,4,8775995.37696482,3.53638215145343,1.3
"SYN008",67676910066.9771,513668598.866556,51,"Industrials",0.00760545238899067,0.166582945268601,0.542132160882466,0.280389100547596,5.11705685618729,11.1166526026779,1.67816359485174,18.2,1,35.6,3,10071933.3111089,0.267001727658238,1.1
"SYN009",18873378272.634,921288384.216139,109,"Healthcare",0.0463816129227635,0.233525799587369,0.536288485769182,1.80328645741634,10.9364548494983,15.5839794019099,1.85435770036387,30.2,2,47,4,8452187.01115724,2.13683591452656,1.2
"SYN010",73442772471.8116,1668699296.83208,66,"Industrials",0.0325101879753638,-0.0777553816325963,0.115155970235355,0.839359017538096,6.62207357859532,0,14.552029189303,22,1,29.4,2,25283322.6792739,0.605449041372351,1.1
"SYN011",33329735269.3044,661209307.926241,248,"Consumer",0.0306177790083457,0.195214520860463,0.136601901520044,0.732868115071982,24.8829431438127,13.0273360691566,13.9054075674077,52.5,4,37.8,3,2666166.56421871,3.75700651416452,1
"SYN012",35890034540.0907,1011262782.19442,1,"Healthcare",0.0158422355814837,0.183131518866867,0.174405218940228,1.04089973786486,0.100334448160535,12.2209958081912,12.7655903172836,26.1,2,86.2,4,1011262782.19442,0.00403209548002097,1.2
"SYN013",79110325145.768,1543562599.03777,47,"Healthcare",0.0115408542423975,0.28472665399313,0.232770806434564,0.720791753461124,4.71571906354515,19.0007884304174,11.0057949347718,35.4,3,52.9,4,32841757.4263355,46.5346534653465,1.2
"SYN014",37089169864.7756,360206836.974015,281,"Healthcare",0.0411660965608899,0.239321128185838,0.367803333932534,0.358776101326961,28.1939799331104,15.9707216019813,6.93439552663794,51.5,4,44.9,4,1281874.86467621,5.97745160604127,1.2
"SYN015",29032932534.3482,1985512509.75858,230,"Energy",0.0287635481772013,0.252265437226743,0.113337542302907,2.52639061949328,23.0769230769231,16.8345398431428,14.6068570633352,57,4,41.5,3,8632663.08590687,0.818476210811003,0.9
"SYN016",26801339853.7878,1912720180.52358,246,"Consumer",0.0453218468402047,0.0379598867148161,0.534120525605977,2.63641462573779,24.6822742474916,2.53319373580051,1.91972440784453,31.8,3,32.2,2,7775285.28668122,1.06951871657754,1
"SYN017",3665057857.75371,1035051097.30503,76,"Financials",0.0304801478784066,0.245794779248536,0.302764458837919,10.4327727200148,7.62541806020067,16.4027305919708,8.89539886762844,43.4,4,53.6,4,13619093.3855925,0.308930531279216,0.9
"SYN018",65972976928.8097,243644644.790562,35,"Energy",0.0108365010544658,0.0644864221103489,0.230300467950292,0.136429801614893,3.51170568561873,4.30340063344719,11.0802787264116,19,1,21.6,1,6961275.56544463,0.460465728193659,0.9
"SYN019",74931210404.0291,1126549166.56017,40,"Financials",0.04113727723388,0.266294340416789,0.254220981406979,0.555400306876065,4.0133779264214,17.7707367804036,10.3590453603897,32.7,3,32,2,28163729.1640042,1.14253070551271,0.9
"SYN020",63483405271.7779,75869073.8012083,126,"Consumer",0.0331619715436827,-0.0578126770444214,0.100298515893519,0.044149147590103,12.6421404682274,0,15,27.7,2,20.4,1,602135.506358796,3.14921269682579,1
"SYN021",6397291841.45108,1908197406.95623,110,"Consumer",0.0224459631345235,-0.00535792643204332,0.519147140230052,11.0190950488064,11.0367892976589,0,2.37119068405873,24.4,2,52.9,4,17347249.1541475,0.872946591540354,1
"SYN022",53201201592.3392,25238665.5469891,43,"Energy",0.00774850745522417,0.00701797585934401,0.597756645083427,0.0175251248847513,4.31438127090301,0.468333654903942,0.00101590125654556,4.8,1,18.2,1,586945.710395095,0.390873556949368,0.9
"SYN023",9689475010.84767,1153690763.84651,156,"Energy",0.00202935704425909,0.201774009224027,0.430541606992483,4.39853400520075,15.6521739130435,13.4650732773172,5.04275821126991,38.6,3,34.9,3,7395453.6144007,3.62706347361079,0.9
"SYN024",27758465380.8735,1485292308.3331,224,"Financials",0.0357062686625868,0.24217250533402,0.172276154765859,1.97667491884089,22.4749163879599,16.1610038013051,12.8297842621058,53.4,4,35.9,3,6630769.23362991,1.43580539708993,0.9
"SYN025",1125980291.74842,378145825.034939,33,"Technology",0.00574603071273305,0.259047654643655,0.291785311209969,12.406443802496,3.31103678929766,17.2871405267127,9.2264338855053,42.2,4,84.1,4,11458964.3949982,0.147314852015535,1.3
"SYN026",70944920456.2698,594852365.806699,111,"Financials",0.00512595465267077,0.0952674483880401,0.564130012085661,0.309746590248174,11.1371237458194,6.3575243333929,1.01490089786745,18.8,1,21.2,1,5359030.32258287,3.3626173886701,0.9
"SYN027",79910955375.2933,894526318.237651,67,"Financials",0.0105870058147702,-0.0877611357718706,0.556718020723201,0.413528536270678,6.72240802675585,0,1.2383816976819,8.4,1,18.1,1,13351139.0781739,0.603549229799117,0.9
"SYN028",14294994712.3416,783495084.214956,269,"Energy",0.049281359387096,0.0788669600151479,0.177254693722352,2.02474833152382,26.9899665551839,5.2630633640438,12.6796750925863,47,4,27.3,2,2912621.13091062,4.01432621996717,0.9
"SYN029",60313917436.1713,1314429721.66836,32,"Consumer",0.0335870935441926,0.257599864061922,0.321316591487266,0.805079136370436,3.21070234113712,17.1905244841004,8.33602888998131,29.5,2,37.8,3,41075928.8021362,0.118954685699416,1
"SYN030",36562155198.7715,1228284411.98077,252,"Financials",0.049422497597523,-0.0793689924292266,0.388159822579473,1.24104037582383,25.2842809364548,0,6.32062196137546,32.8,3,19.2,1,4874144.49198718,7.87253983130272,0.9
"SYN031",68128391399.0483,1457886630.66388,254,"Technology",0.0200063549419865,-0.0437307862564921,0.552933650929481,0.790522719422932,25.4849498327759,0,1.3524851749981,27.6,2,44.5,4,5739711.14434598,1.00789651204317,1.3
"SYN032",37227077015.9084,641548630.655277,8,"Energy",0.0408826963372994,0.21302219145,0.219560047751293,0.636633324460572,0.802675585284281,14.2157031453156,11.4041158140495,27.1,2,34.2,2,80193578.8319096,0.0314948230384631,0.9
"SYN033",80287770039.1691,289249112.685211,230,"Consumer",0.0142048095993232,-0.0719128127209842,0.473744801734574,0.133088671517187,23.0769230769231,0,3.74012791350638,27,2,22.9,1,1257604.83776179,28.7141073657928,1
"SYN034",98715997264.4877,108768088.583602,82,"Financials",0.0243971141253132,0.105069292988628,0.337054469878785,0.0407034879476045,8.22742474916388,7.01163511955097,7.8615121942209,23.1,1,21.6,1,1326440.10467807,0.35650623885918,0.9
"SYN035",48842809647.0889,1910236443.43973,45,"Healthcare",0.0107552089791279,0.0836304923519492,0.472905236901715,1.44479174483823,4.51505016722408,5.58095025255125,3.76544184213474,15.3,1,45.5,4,42449698.7431051,0.548713571515669,1.2
"SYN036",8791446940.74057,52176279.9690478,30,"Financials",0.037560064308811,0.078349338658154,0.314451523846947,0.219245828247899,3.01003344481605,5.22852071145623,8.54301925626929,17,1,21.3,1,1739209.33230159,0.666518551433015,0.9
"SYN037",14311050606.193,1841605515.15548,213,"Industrials",0.0284926687639672,-0.0827260457910597,0.508861328614876,4.75383249873997,21.371237458194,0,2.68132075492507,28.8,2,41.1,3,8646035.28242009,7.09763412195935,1.1
"SYN038",89539224177.599,733962825.082242,137,"Technology",0.0115757657361682,-0.0265358386561275,0.135750507377088,0.302816391840289,13.7458193979933,0,13.9310781645145,28,2,42.6,3,5357392.88381199,0.643162292850101,1.3
"SYN039",71641111736.4187,1397086701.3901,120,"Energy",0.0106659673205577,-0.012261335272342,0.233715799311176,0.720410068289716,12.0401337792642,0,10.9773022189069,23.7,2,20.1,1,11642389.1782508,0.875848478213269,0.9
"SYN040",87542556920.5545,1139135341.52927,185,"Industrials",0.003827054644702,-0.0737958325073123,0.323523176740855,0.48070074890379,18.561872909699,0,8.26949758776901,27.3,2,29.7,2,6157488.33259065,1.54153820514957,1.1
"SYN041",90473712208.448,568738261.878723,40,"Consumer",0.0179218649230897,0.22066271873191,0.13951868833974,0.232224819494107,4.0133779264214,14.7255817968026,13.8174628006807,32.8,3,38.8,3,14218456.5469681,0.216204529484893,1
"SYN042",48252695911.3311,23728467.4930852,24,"Industrials",0.0314805389253888,-0.0909122992306948,0.341537653957494,0.0181662118340941,2.40802675585284,0,7.72633859314257,10.2,1,27.7,2,988686.145545217,0.599850037490627,1.1
"SYN043",7611079969.21055,843322666.421067,199,"Financials",0.00950711671076715,0.113267102278769,0.495550050772727,4.0932311685587,19.9665551839465,7.55870311522459,3.08267241242734,34.7,3,31.2,2,4237802.34382446,8.28821324448147,0.9
"SYN044",72268025585.2174,1228970690.89441,238,"Energy",0.00128891797363758,0.0496625931933522,0.499612229783088,0.628223327065263,23.8795986622074,3.31415556969789,2.96019264014605,30.8,2,21.1,1,5163742.39871601,1.19591980302497,0.9
"SYN045",27920973654.6036,10505988.5254595,112,"Technology",0.00504396498086862,0.260247482638806,0.148314785584807,0.0139002257595483,11.2374581939799,17.3672091734974,13.5522494792609,42.2,4,57.8,4,93803.468977317,0.470568463509937,1.3
"SYN046",33331454494.0367,1327534989.4606,240,"Technology",0.0103103166001383,-0.0461871427483857,0.211145896022208,1.47133130458962,24.0802675585284,0,11.6578130009755,37.2,3,45,4,5531395.78941917,2.14266583340773,1.3
"SYN047",39119913066.0389,232190604.994306,243,"Industrials",0.0416826331554912,0.14349728692323,0.191550317127258,0.219262998088396,24.38127090301,9.57606725934757,12.2486441865662,46.4,4,38,3,955516.892980683,1.01245781425774,1.1
"SYN048",33740250135.5391,1804686865.67224,259,"Financials",0.0204798800244462,0.0954379028640688,0.585580932698213,1.97593353462742,25.9866220735786,6.36889934655242,0.36812884150361,34.7,3,25.4,1,6967902.95626348,1.06579976132669,0.9
"SYN049",10759451139.9511,202896580.751287,127,"Technology",0.00559797845268622,-0.082589047215879,0.30671247120481,0.696631871890487,12.742474916388,0,8.77636136228287,22.2,1,42,3,1597610.87205738,0.490328558742906,1.3
"SYN050",58536698845.9136,1131265499.72151,29,"Financials",0.0446024954081513,0.0518443167209625,0.471203913236968,0.713929038458032,2.90969899665552,3.45974948084183,3.81673887619048,10.9,1,23.8,1,39009155.1628107,0.228328478072593,0.9
"SYN051",75863016263.5818,503611914.460314,265,"Healthcare",0.0269263181709684,-0.0499341496266425,0.456911494862288,0.245236155013296,26.5886287625418,0,4.24767314654507,31.1,2,36.2,3,1900422.31871817,9.13478110996208,1.2
"SYN052",52183410892.7287,1162810604.06775,87,"Consumer",0.0414680158109404,0.217858636565506,0.181000250531361,0.823180853600285,8.72909698996656,14.5384557541995,12.5667418752506,36.7,3,38.1,3,13365639.1272155,0.32828949850949,1
"SYN053",28178053787.211,1905094886.9281,92,"Financials",0.0149627649171744,0.125390120688826,0.464411375368945,2.49760867847727,9.23076923076923,8.36771380922552,4.02154237922801,24.1,2,28.9,2,20707553.1187837,1.0573497299161,0.9
"SYN054",45017159728.5662,1454830327.21607,245,"Industrials",0.039130727333948,0.0943059716373682,0.168941505858675,1.1938589298754,24.5819397993311,6.29336168453628,12.9303280928302,45,4,38.8,3,5938082.96822886,2.66275404847299,1.1
"SYN055",89665021565.7428,809740730.325924,176,"Energy",0.00810132591985166,0.0338448851369321,0.116588642494753,0.333611939926359,17.6588628762542,2.25858553430036,14.5088323307605,34.8,3,21.4,1,4600799.60412457,0.718338027019305,0.9
"SYN056",92206974994.1584,985236444.110516,199,"Energy",0.0121267672309186,0.174325480498374,0.516384908836335,0.394725671991909,19.9665551839465,11.6333385952001,2.45447541159727,34.4,3,23.3,1,4950936.90507797,1.13061757854667,0.9
"SYN057",52612305761.7806,1344608558.91835,193,"Energy",0.0305128632313572,0.227118875645101,0.398220682656392,0.944120185055261,19.3645484949833,15.1564233420556,6.01727446043275,41.5,4,27.3,2,6966883.72496554,0.969800512537058,0.9
"SYN058",76820435819.4489,936996222.751215,68,"Consumer",0.0447230894677341,-0.0933146682567895,0.372289605694823,0.450588151029384,6.82274247491639,0,6.79912882804203,14.1,1,23.6,1,13779356.2169296,0.352313351639811,1
"SYN059",76905430675.0186,592188302.190742,183,"Financials",0.0326283155877609,0.123988916631788,0.11912513980642,0.284460159843459,18.3612040133779,8.27420664555738,14.4323537678187,41.4,4,26.9,2,3236001.65131553,2.69078076753419,0.9
"SYN060",83984740160.8713,1092788976.48584,146,"Industrials",0.0221998334503733,0.138681880943477,0.137844644160941,0.480678417236865,14.6488294314381,9.25471866431912,13.8679373241532,38.3,3,40.4,3,7484856.00332767,0.797770613627671,1.1
"SYN061",94134219326.7774,1470316215.0213,174,"Energy",0.0449532251562923,-0.0465594436042011,0.593897443870082,0.577008136690271,17.4581939799331,0,0.117375639365709,18.2,1,19.1,1,8450093.18977759,1.19169919868502,0.9
"SYN062",42855759573.6347,1543456787.60158,244,"Technology",0.0473328300588764,0.172816223558038,0.116253459267318,1.33046679161371,24.4816053511706,11.5326206911744,14.5189385238318,51.9,4,58,4,6325642.57213762,1.4022182633182,1.3
"SYN063",60868853011.6342,1628972061.6811,148,"Industrials",0.031747235783143,0.0166273443959653,0.186419092025608,0.988637925873525,14.8494983277592,1.10959985163541,12.403357034122,29.4,2,34.6,3,11006567.9843318,0.606532519159051,1.1
"SYN064",22799584466.964,666923949.289136,25,"Financials",0.00506788335787132,0.174920438695699,0.4942461773986,1.08060789053433,2.50836120401338,11.6730422010051,3.12198582366288,18.4,1,26.7,2,26676957.9715654,0.168907506249578,0.9
"SYN065",86060672331.1357,1782597887.57004,139,"Industrials",0.0228018417209387,0.238339317403734,0.577093847701326,0.765186657092481,13.9464882943144,15.9052019933045,0.624025057573664,31.2,3,38.3,3,12824445.2343168,5.5577768892443,1.1
"SYN066",92841584463.1381,618098090.938525,180,"Technology",0.0187184389694594,0.112850798293948,0.358534122142009,0.245942434308524,18.0602006688963,7.5309217191825,7.21387384269313,33.1,3,47.3,4,3433878.28299181,1.29487087259909,1.3
"SYN067",58760411782.8887,1397838803.05779,274,"Technology",0.0497732398610096,-0.0311102909035981,0.283687853161246,0.878801935367781,27.4916387959866,0,9.47058236230441,37.8,3,44.4,3,5101601.47101383,1.52213765901894,1.3
"SYN068",66225648727.268,387756352.515193,14,"Energy",0.0254680971405469,-0.085003272164613,0.529966397583485,0.216297392213353,1.40468227424749,0,2.04497655771887,3.7,1,18.6,1,27696882.3225138,0.051093025801978,0.9
"SYN069",7465538649.81979,1953438491.11791,245,"Technology",0.0136299583965447,-0.0732934793457389,0.466302979295142,9.66623576263532,24.5819397993311,0,3.96450815756125,38.2,3,65.9,4,7973218.33109351,17.4875089221984,1.3
"SYN070",25210208819.9463,339016069.702338,26,"Financials",0.0364975240635686,0.0675246350467205,0.163345487462357,0.496778217358728,2.60869565217391,4.50615102720536,13.0990550389138,20.7,1,23.8,1,13039079.6039361,0.106118117627852,0.9
"SYN071",51384709276.2589,341683005.477302,81,"Industrials",0.00873642544867471,0.185607564728707,0.205533989495598,0.245645087466234,8.12709030100334,12.386230860495,11.8270189940373,32.6,3,39.9,3,4218308.70959632,3.11418685121107,1.1
"SYN072",51979373704.4092,1256552719.40585,254,"Financials",0.0164574163844809,-0.0962851280346513,0.534520877199247,0.893034868162259,25.4849498327759,0,1.90765330712465,28.3,2,18.5,1,4947057.95041673,3.13541538081718,0.9
"SYN073",76602671064.4364,1468656875.53817,276,"Energy",0.0155179914876353,0.128999403025955,0.373204529890791,0.708263987416643,27.6923076923077,8.60857362727083,6.77154272046506,43.8,4,24,1,5321220.56354409,1.08657139482698,0.9
"SYN074",27517299913.3356,1878287370.46453,25,"Industrials",0.0342941701260861,0.00203148545697332,0.222355674626306,2.52159304744687,2.50836120401338,0.135568008214473,11.3198241710269,16.5,1,42.2,3,75131494.8185812,0.0905764283902757,1.1
"SYN075",69086350122.9323,1536824125.37676,167,"Industrials",0.0233459748122841,-0.0148782053031027,0.464214306348003,0.821770713982832,16.7558528428094,0,4.02748425641931,21.6,1,32.9,2,9202539.67291473,6.67732906837265,1.1
"SYN076",56214828795.5206,333448959.386209,13,"Consumer",0.00194995357678272,0.121644230373204,0.192515114112757,0.219127588813573,1.30434782608696,8.11773767115591,12.2195543520759,21.9,1,32.4,2,25649919.9527853,0.0778396503203401,1
"SYN077",43666683945.3392,561310013.00551,78,"Technology",0.0365686200568452,0.0926323207095265,0.568368256813847,0.474866218607491,7.82608695652174,6.18167320458435,0.887112524224517,15.4,1,46.7,4,7196282.21801936,5.99538816295158,1.3
"SYN078",86230589364.8882,851106145.651545,56,"Financials",0.017026319090277,0.214916608389467,0.156609400548041,0.364620465850845,5.61872909698997,14.3421241001542,13.3021564751696,33.6,3,31.8,2,15198324.0294919,0.717856685040379,0.9
"SYN079",12055240842.9794,1674749703.40333,170,"Technology",0.0334006772092544,0.124419189989567,0.232652356987819,5.13207275892473,17.056856187291,8.30292026587969,11.0093663335771,41.5,4,61.8,4,9851468.843549,3.03517229066238,1.3
"SYN080",32314199205.2551,303857947.106706,20,"Technology",0.0183980512220878,0.156660026032478,0.378314215713181,0.34737284434562,2.0066889632107,10.4544620898703,6.61747930908929,19.4,1,49.5,4,15192897.3553353,0.117640138815364,1.3
"SYN081",74357940880.1161,1332041702.95363,131,"Healthcare",0.0234366149152629,-0.0113390284590423,0.129438736615703,0.661773226848781,13.1438127090301,0,14.1213859386364,27.9,2,38.5,3,10168257.2744552,6.54672663668166,1.2
"SYN082",55114586902.7823,1636349361.49744,166,"Technology",0.0296642754087225,0.000324696023017171,0.164468103344552,1.09680198651415,16.6555183946488,0.0216680818287426,13.0652067675156,30.8,2,46.5,4,9857526.27408096,1.26707884894283,1.3
"SYN083",18791674252.8323,1347562941.44643,162,"Technology",0.0105963241341524,0.15694088935852,0.155089004104957,2.64912445559106,16.2541806020067,10.4732050651456,13.3479983274491,42.7,4,58.9,4,8318289.762015,0.975844828624782,1.3
"SYN084",68481193689.3966,751578378.065489,76,"Consumer",0.0136887952494435,0.152378957346082,0.532936853147112,0.405435373911156,7.62541806020067,10.1687716593276,1.95541361131085,20.2,1,29.4,2,9889189.18507222,0.469106845256466,1
"SYN085",11426393033.471,1768787609.23049,50,"Industrials",0.0436396994667593,-0.0024032169021666,0.37506052213721,5.71854201572299,5.01672240802676,0,6.71558223543536,17.5,1,47.3,4,35375752.1846098,0.657808183133798,1.1
"SYN086",29569706162.205,1142494377.797,218,"Consumer",0.00684414925612509,0.254453360848129,0.293207579781301,1.42733470639613,21.8729096989967,16.9805475078586,9.18355071115595,49.5,4,37.3,3,5240799.89815138,4.35912817436513,1
"SYN087",72681356752.0585,940425586.655038,62,"Industrials",0.0411917793049943,0.0462961998768151,0.40115499754902,0.477991430259613,6.22073578595318,3.08950457098023,5.92880120040804,15.7,1,34.1,2,15168154.6234684,0.28439062428329,1.1
"SYN088",5493724661.87924,1272544893.30482,176,"Financials",0.029037023777375,9.10113565623788e-05,0.447730317851529,8.55706859262263,17.6588628762542,0.00607350069463033,4.52449710400333,30.7,2,39.9,3,7230368.7119592,2.83825189485567,0.9
"SYN089",11773497052.4907,1481455302.63893,274,"Financials",0.0124864017101936,0.208485421072692,0.295774030871689,4.64838251637496,27.4916387959866,13.9129488619084,9.10616900436262,55.2,4,37.4,3,5406771.17751434,1.55672973126527,0.9
"SYN090",42345172786.1539,292609316.712944,62,"Industrials",0.0291270017649513,0.0689757961779833,0.396479478362016,0.255271809119768,6.22073578595318,4.60299199817478,6.06977394529701,17.1,1,33.4,2,4719505.10827329,0.226269114265903,1.1
"SYN091",60056044859.5788,813400157.377589,250,"Financials",0.0379405623483472,0.0550464441068471,0.359923026082106,0.500341157061654,25.0836120401338,3.67343844930737,7.17199665365993,36.4,3,21.2,1,3253600.62951036,4.03160780519271,0.9
"SYN092",20523357244.6741,917120428.171009,93,"Consumer",0.00604107182775624,0.13447665758431,0.221102463803254,1.65080862766861,9.33110367892977,8.97408965319703,11.3576100430518,31.3,3,35,3,9861509.98033343,0.371985120595176,1
"SYN093",50609487803.4201,1116931774.01018,57,"Financials",0.0340101097836159,-0.0810115239582956,0.289007607288659,0.815292491918893,5.7190635451505,0,9.31018512908152,15.8,1,18.5,1,19595294.2808804,0.612837329319428,0.9
"SYN094",82647461650.6603,819970204.581274,156,"Financials",0.0065461578052491,0.0261685826815665,0.150929456949234,0.366511176069845,15.6521739130435,1.74631948250383,13.4734138709608,31.2,3,20.8,1,5256219.26013637,2.73636204174706,0.9
"SYN095",10113387779.3327,1996240977.30918,55,"Financials",0.0427499462766573,0.0582958778366447,0.268359284638427,7.29180583222345,5.51839464882943,3.89028433272803,9.93275785414863,26.6,2,41.1,3,36295290.4965305,0.35254150374976,0.9
"SYN096",47570493956.3293,1500799836.69985,67,"Financials",0.0205486243991181,0.0457515490241349,0.288132676179521,1.16547743334953,6.72240802675585,3.05315814722577,9.33656539512487,20.3,1,24.2,1,22399997.5626843,1.21796037084167,0.9
"SYN097",88213011715.794,377709463.51625,287,"Industrials",0.0284140961465891,-0.0821721004322171,0.593827326223254,0.158177141005834,28.7959866220736,0,0.119489774019678,29.1,2,29.3,2,1316060.84848868,4.28294284435159,1.1
"SYN098",44137140875.2166,218375743.580749,58,"Healthcare",0.0247891258036252,0.235711506940424,0.146322579495609,0.182775821290297,5.81939799331104,15.7298391674211,13.6123169818303,35.3,3,50.9,4,3765099.02725429,0.202083551095781,1.2
"SYN099",28388927306.0486,1487885898.16843,292,"Industrials",0.00721912851883099,0.0196619387716055,0.367264038091525,1.93615185545712,29.2976588628763,1.31210876639639,6.95065597001833,39.5,4,36.3,3,5095499.65126175,5.0336148939838,1.1
"SYN100",6656324651.55795,231039195.963647,279,"Industrials",0.0420894889349584,0.246715297922492,0.142990301852115,1.28224179404113,27.9933110367893,16.4641599675659,13.7127893159919,59.5,4,48,4,828097.476572211,0.955446731276326,1.1
"SYN101",88607685908.2095,1995642861.71552,66,"Healthcare",0.0396545284762979,0.0048229101113975,0.544716081139632,0.832013108453159,6.62207357859532,0.321849371530198,1.60025517085479,9.4,1,41.1,3,30237013.0562958,0.236550661266621,1.2
"SYN102",15640658482.6764,1556466188.30203,108,"Healthcare",0.0335125579186715,0.0310722514986992,0.409943533036858,3.67623648232954,10.8361204013378,2.07355816009326,5.66381587541599,22.2,1,47.8,4,14411723.9657595,1.63611574003939,1.2
"SYN103",32420766866.7659,816957896.689186,29,"Financials",0.0124212892728392,0.299699830915779,0.597790338587947,0.930883083048502,2.90969899665552,20,0,23.8,2,28.4,2,28170961.9547995,0.26849365799463,0.9
"SYN104",68380982429.4876,557188368.953532,260,"Industrials",0.0477339737638831,0.256150499731302,0.295545348571613,0.301013067201062,26.0869565217391,17.0938034198148,9.11306406141614,52.6,4,40.5,3,2143032.18828282,8.96242674939676,1.1
"SYN105",28980007929.9603,1913435048.38017,299,"Consumer",0.0353478177220095,0.1753437907435,0.146261206036434,2.43912468453505,30,11.7012939385191,13.6141674683019,57.8,4,40.8,3,6399448.32234171,1.14995577093189,1
"SYN106",43049469150.8356,509809477.873845,172,"Consumer",0.0296654124455526,-0.0732339826412499,0.533581243385561,0.437480596123112,17.257525083612,0,1.93598444054703,19.6,1,23.9,1,2964008.5922898,0.575231597605431,1
"SYN107",49266920048.2778,241092300.759628,177,"Consumer",0.0476912895103451,0.16830449923873,0.322607755800709,0.18077837154816,17.7591973244147,11.2315378173187,8.29709867280357,37.5,3,30.4,2,1362103.39412219,1.02900994128248,1
"SYN108",24900146526.5173,1090435179.11481,210,"Consumer",0.045680581868859,-0.0469438654370606,0.51793095273897,1.61776977975609,21.0702341137124,0,2.40786025636933,25.1,2,27.6,2,5192548.47197529,1.18637365120615,1
"SYN109",36654883015.9008,1347383347.96415,172,"Financials",0.00482075472781435,0.131734882201999,0.349467615387402,1.35793224045123,17.257525083612,8.79112155648959,7.4872403486641,34.9,3,26.1,2,7833624.11607064,0.819008618637208,0.9
"SYN110",7846316478.68082,749291708.975332,49,"Industrials",0.00431017422839068,0.114711889903992,0.128379987343214,3.52779945109662,4.91638795986622,7.6551187602257,14.1533085519595,30.3,2,47.5,4,15291667.5301088,0.284867158886111,1.1
"SYN111",36708827869.7338,295084714.249708,159,"Financials",0.0471014295218047,0.019334008730948,0.543036896525882,0.296957867917522,15.9531772575251,1.29022486745287,1.65088468486333,19.2,1,19.3,1,1855878.70597301,3.24423587023057,0.9
"SYN112",98314936451.6139,1938042987.19182,150,"Healthcare",0.00919700871687382,0.069149290304631,0.522144380980171,0.728220055451717,15.0501672240803,4.61456985766957,2.28082013081367,22.7,1,41.1,3,12920286.5812788,0.9433368970505,1.2
"SYN113",19816230518.7434,139404352.178797,276,"Healthcare",0.0456878972195555,-0.0985150548629463,0.285643035685644,0.259880626851698,27.6923076923077,0,9.41163116646941,37.4,3,33.9,2,505088.232531873,1.83987734151057,1.2
"SYN114",87317345994.9903,1205172400.25569,136,"Technology",0.00924756227061152,0.126211290899664,0.546789886220358,0.509879270580139,13.6454849498328,8.42251332034497,1.53772735674435,24.1,2,47.7,4,8861561.76658596,0.4927357704431,1.3
"SYN115",12145873624.3658,390541831.056355,127,"Technology",0.0156268876122776,0.286024749092758,0.411673959135078,1.18783893618978,12.742474916388,19.0874147788983,5.61164136663167,38.6,4,54,4,3075132.5280028,0.93375487096537,1.3
"SYN116",20214796212.9675,1128783533.12751,23,"Industrials",0.00288785109948367,0.0400217987596989,0.424708295171149,2.06281400344606,2.30769230769231,2.67079221482415,5.21863985058231,12.3,1,40.2,3,49077544.9185874,0.181088103298953,1.1
"SYN117",73285501556.9366,296056673.150044,278,"Technology",0.0206392788884696,0.0211359086446464,0.385999400424771,0.149236576529255,27.8929765886288,1.41047184311465,6.38576138848206,35.8,3,44.1,3,1064952.06169081,12.0817036071273,1.3
"SYN118",27754542208.0439,1648361091.63333,94,"Consumer",0.0310281390161254,-0.0743879745714366,0.147417053370737,2.194002211596,9.4314381270903,0,13.5793172271047,25.2,2,26.8,2,17535756.2939716,0.338117333908852,1
"SYN119",21796217727.7077,659722291.467479,124,"Technology",0.0130738245376851,-0.0222670996561646,0.42304473919794,1.1181466724443,12.4414715719064,0,5.26879814155279,18.8,1,45.6,4,5320341.06022161,1.31900861610467,1.3
"SYN120",58670891060.0282,952721944.90931,118,"Technology",0.00212837726064026,0.160964791104198,0.440275176218711,0.599876990063288,11.8394648829431,10.7417338616672,4.74927893837924,27.9,2,49.3,4,8073914.78736703,0.95153616643819,1.3
"SYN121",9349670862.54619,380377377.62183,208,"Healthcare",0.0149264946812764,0.00574297849088908,0.230133057129569,1.50292435523407,20.8695652173913,0.383248697427724,11.0853263718126,33.8,3,40.9,3,1828737.39241264,1.76256249470384,1.2
"SYN122",47718679114.4777,1039353832.58807,178,"Industrials",0.0408317414938938,0.0582032634876669,0.551367172878236,0.804625416007144,17.8595317725753,3.88410385883888,1.3997164453362,23.9,2,34.2,3,5839066.47521388,0.855728089995673,1.1
"SYN123",31272220212.7334,990687939.20544,45,"Energy",0.0362270008756313,0.243521690368652,0.597497281059623,1.17029922242664,4.51505016722408,16.2510395567815,0.00883605061296942,21.9,1,27.4,2,22015287.5378987,0.25279478680973,0.9
"SYN124",89179556029.3831,284185359.056108,103,"Financials",0.0269492604422849,0.25416294625029,0.256203084276058,0.117721232160028,10.3344481605351,16.9611671433818,10.2992824825294,37.7,3,28.5,2,2759081.15588454,2.28838035992002,0.9
"SYN125",21946865388.4251,1506808279.31059,170,"Consumer",0.010032524951268,0.208829040732235,0.163499683630653,2.53632133744615,17.056856187291,13.9358797830566,13.0944058317933,46.6,4,42.3,3,8863578.11359171,1.65032521114455,1
"SYN126",52581538125.407,22838733.0456171,228,"Financials",0.0339094843058847,0.269173345621675,0.421791963884607,0.0160455517171791,22.876254180602,17.9628626949288,5.30657088241557,46.2,4,25.3,1,100169.881779022,1.34109758249515,0.9
"SYN127",2401979963.06233,356745946.342824,266,"Healthcare",0.0218017406945583,0.262738777231425,0.289188314951025,5.48666512178384,26.6889632107023,17.5334618260268,9.30473656729248,59,4,60,4,1341150.17422114,1.16661549932021,1.2
"SYN128",53154842754.826,228238811.145304,222,"Consumer",0.0285216058630031,0.0530892653390765,0.567426295508631,0.158622636706869,22.2742474916388,3.54282918190872,0.915513834424379,26.9,2,25.8,2,1028102.75290677,0.834555091913838,1
"SYN129",39169420104.4738,1073869365.10843,131,"Energy",0.022696630663937,0.144023036304861,0.430691957147792,1.01279852784029,13.1438127090301,9.61115232296106,5.03822496624606,28.8,2,24.9,1,8197476.06953,0.590063510652673,0.9
"SYN130",1151851021.21904,1091303534.57155,6,"Consumer",0.0467203398954589,0.262594521977007,0.539799620653503,35,0.602006688963211,17.5238351769909,1.74849259693452,54.9,4,100,4,181883922.428592,0.0457980306846806,1
"SYN131",57071964091.3885,42822281.294968,270,"Industrials",0.023615111512132,0.0816880339756608,0.433479344146326,0.0277181422590393,27.0903010033445,5.45132332748073,4.95418176579391,37.5,3,32.8,2,158601.041833215,44.9251247920133,1.1
"SYN132",45334766248.2411,302314164.200798,38,"Technology",0.0318201903679874,0.272895890660584,0.31322135720402,0.246346118458405,3.81270903010033,18.2112809224289,8.58011031747299,30.9,2,53.4,4,7955635.900021,0.140735528313766,1.3
"SYN133",61972669626.819,1113118709.4904,299,"Technology",0.0290275845599826,0.0604811889119446,0.16058711768128,0.663529145409012,30,4.03611765326227,13.1822233340067,47.9,4,48.2,4,3722805.04846288,7.86635096027361,1.3
"SYN134",5971110468.96316,1509301212.79531,19,"Industrials",0.0345206187961157,-0.0898193336091936,0.579005636181682,9.33769330883459,1.90635451505017,0,0.56638224638125,11.8,1,57.6,4,79436905.9365953,0.063543025316879,1.1
"SYN135",65621725734.7889,1323022580.98498,248,"Consumer",0.0472961643289309,-0.07611417863518,0.320157153089531,0.744797727964657,24.8829431438127,0,8.37098740622755,34,3,24,1,5334768.47171363,13.0457653866386,1
"SYN136",32978247141.9312,1531833103.78715,107,"Healthcare",0.00265566785703413,0.218034580070525,0.322640931373462,1.71594218474534,10.7357859531773,14.5501970691333,8.29609838783688,35.3,3,49.3,4,14316197.2316556,0.431434216362243,1.2
"SYN137",16686667877.7151,286541226.652917,121,"Technology",0.0169678863792215,0.140964833274484,0.140444091195241,0.634360622717568,12.1404682274247,9.4070679215096,13.7895607484272,36,3,53,4,2368109.31118113,1.13073544528549,1.3
"SYN138",21975554055.0686,1172501896.41723,290,"Technology",0.0404286772024352,-0.0755142733454704,0.176452529989183,1.97102663283604,29.0969899665552,0,12.7038613313317,43.8,4,44.4,4,4043109.98764562,2.39649615734237,1.3
"SYN139",37859225434.484,1414830427.31974,162,"Energy",0.0114537377282977,0.0471669391728938,0.510258769989014,1.38054773883088,16.2541806020067,3.14761199756222,2.6391861515892,23.4,1,23.2,1,8733521.15629469,0.558601427536981,0.9
"SYN140",67695112790.4467,840764984.856593,189,"Industrials",0.0203350596898235,0.152369133103639,0.273696133890189,0.458813296824119,18.9632107023411,10.1681160538564,9.77184518156868,39.4,4,37.7,3,4448491.98336822,1.16659465465095,1.1
"SYN141",16507708398.6253,1981803455.46687,100,"Industrials",0.0395092254166957,0.0403491191565991,0.189442115509883,4.43498931480954,10.0334448160535,2.69263543014396,12.3122090992302,29.5,2,45,4,19818034.5546687,0.529072535844664,1.1
"SYN142",40972889130.7022,172950302.276528,31,"Consumer",0.00207441396545619,0.0237500139512122,0.482407864439301,0.155934868286929,3.11036789297659,1.58492007677417,3.47892574968564,8.3,1,25.6,2,5579042.00892026,0.30996900309969,1
"SYN143",26994778913.4458,1098681533.46144,296,"Energy",0.0327619260288775,0.241503587830812,0.165020897542126,1.50352555820853,29.6989966555184,16.1163646367674,13.0485393318205,60.4,4,34.8,3,3711761.93736973,9.54530796517252,0.9
"SYN144",35610334590.7759,757990297.812736,201,"Energy",0.0291742929776665,0.0697546479292214,0.507966498751193,0.786332687694263,20.1672240802676,4.65496745300625,2.70830099327861,28.3,2,21.8,1,3771096.00901859,0.679031113813722,0.9
"SYN145",12203831754.392,776053338.381927,0,"Consumer",0.0300668688630685,0.254837279580533,0.348836083570495,2.34916832145278,0,17.0061677246757,7.50628182195366,26.9,2,38.1,3,6801017.94564129,0,1
"SYN146",30043617377.0577,651293362.103868,110,"Consumer",0.0300503062577918,0.224876526463777,0.539556903671473,0.800835225479477,11.0367892976589,15.0067836726255,1.75581081718329,28.6,2,31.6,2,5920848.7463988,11000,1
"SYN147",14079070795.0946,1992916749.50486,160,"Energy",0.0364140567595605,0.29717206209898,0.152266937331297,5.22918433156138,16.0535117056856,19.831313297103,13.4330871664488,54.5,4,48.5,4,12455729.6844054,1.45441323516044,0.9
"SYN148",46361748643.4523,1493069783.53648,167,"Consumer",0.0378595585366711,0.0776773753575981,0.537078110757284,1.1897043656633,16.7558528428094,5.18367829039095,1.83054952044772,25,2,29.6,2,8940537.62596695,1.04368476970189,1
"SYN149",73825769415.8237,1559800129.59824,163,"Financials",0.00487027742550708,0.171603301633149,0.392127594351768,0.780512219866282,16.3545150501672,11.4516782414451,6.20098868527036,34.8,3,25.5,1,9569325.94845546,0.97598946170888,0.9
"SYN150",6331066514.59821,1809435462.33419,165,"Financials",0.0367284659252036,-0.0759900759905577,0.381743794912472,10.558081559076,16.5551839464883,0,6.51407321145586,33.6,3,43,3,10966275.5292981,1.01220784000982,0.9
"SYN151",39868439486.9488,1333783264.56249,175,"Consumer",0.0429526279745623,0.0848868225701153,0.24461772760842,1.23587567738055,17.5585284280936,5.66478948691633,10.6485954603254,35.1,3,31.3,2,7621618.6546428,1.06054178534634,1
"SYN152",84313756684.5398,1383965407.96524,19,"Consumer",0.0359026870860253,0.259324551746249,0.397895384719595,0.606380902023934,1.90635451505017,17.3056188222625,6.02708259964101,25.8,2,38.2,3,72840284.6297495,0.108565224844295,1
"SYN153",40390010701.9581,1892192781.44976,18,"Technology",0.034077745243907,-0.0272593749687076,0.232450205157511,1.73065372748279,1.80602006688963,0,11.015461463821,14.6,1,53.6,4,105121821.191653,0.94687006838506,1.3
"SYN154",46180641159.1824,260068475.657376,269,"Financials",0.0488474574438296,-0.0570705130696297,0.311721886065789,0.208039752580894,26.9899665551839,0,8.62532124566806,35.8,3,16.6,1,966797.307276491,14.9361465852304,0.9
"SYN155",95856392160.9893,1901182654.49791,176,"Energy",0.0416345845533069,0.0946812329813838,0.127677976759151,0.732692080142162,17.6588628762542,6.31840416406447,14.1744750481321,38.9,4,26.5,2,10802174.1732836,0.65425077134679,0.9
"SYN156",77813505304.7445,1905325154.39903,247,"Energy",0.0474167908919044,0.271171725913882,0.3816618650686,0.904550600372717,24.7826086956522,18.0962214816922,6.51654349860839,50.3,4,28.7,2,7713867.02185842,1.40332935628657,0.9
"SYN157",48195093976.5666,176617501.052562,172,"Technology",0.014462616112316,0.282935211341828,0.103317397204228,0.13537839483384,17.257525083612,18.8812393038245,14.9089769568163,51.2,4,62.9,4,1026845.9363521,0.696328083883244,1.3
"SYN158",98472403224.3248,1687829976.29116,101,"Technology",0.0291322827502154,0.20062405122444,0.578678847895935,0.633188300489678,10.133779264214,13.3883326267754,0.576235321472332,24.7,2,49.9,4,16711187.8840709,0.587175164234638,1.3
"SYN159",30265565979.993,1514488398.51655,269,"Energy",0.00260435603535734,0.0626474850811064,0.533282063459046,1.84857008934459,26.9899665551839,4.18068204374206,1.94500508911451,35,3,24.4,1,5630068.3959723,2.66310266310266,0.9
"SYN160",18952602087.2872,1177281690.28321,21,"Financials",0.022744359674165,0.152173289656639,0.124919951683842,2.29472327463914,2.10702341137124,10.1550467473839,14.2576329499155,28.8,2,37.2,3,56061032.870629,0.078064012490242,0.9
"SYN161",77482918691.3557,610700107.946992,210,"Financials",0.0163852048940025,0.282498645409942,0.580419977917336,0.29116600172137,21.0702341137124,18.8521057583999,0.523738076031068,40.7,4,24.8,1,2908095.75212853,9.99524036173251,0.9
"SYN162",87201546830.1252,28336416.3297229,16,"Industrials",0.0121519748710562,-0.0983075866475701,0.567524953186512,0.0120042686054672,1.60535117056856,0,0.912539182177421,2.5,1,28.6,2,1771026.02060768,0.0761868482453217,1.1
"SYN163",31990742997.2664,647061604.66047,260,"Energy",0.00992995103844441,0.0647449609823525,0.547766289114952,0.747205461528551,26.0869565217391,4.32065382115928,1.50828758959485,32.7,3,21.4,1,2488698.47946335,16.2398500936914,0.9
"SYN164",91512236547.1907,340617402.371485,247,"Energy",0.0418127444451675,-0.0798638167791069,0.29338115863502,0.137501084778738,24.7826086956522,0,9.17831709185407,34.1,3,15.6,1,1379017.82336634,0.949963462943733,0.9
"SYN165",91595839583.5478,438303395.085968,51,"Technology",0.0493573206325527,0.133318006806076,0.333754341024905,0.176773687955999,5.11705685618729,8.89676890365283,7.96101520221024,22.2,1,48.4,4,8594184.21737192,0.206469373709566,1.3
"SYN166",80942342140.0134,945856796.516106,245,"Healthcare",0.0102949536996894,-0.085795733705163,0.289595894189551,0.431686344638258,24.5819397993311,0,9.29244754403822,34.3,3,35,3,3860639.98578002,4.80297980788081,1.2
"SYN167",35930863326.8811,17051537.9023273,135,"Financials",0.0176419875696301,0.297379127610475,0.379270583763719,0.0175312174868426,13.5451505016722,19.8451314905175,6.58864361751878,40,4,26.8,2,126307.688165387,0.550997918452308,0.9
"SYN168",67881736356.9979,1553748849.41778,76,"Industrials",0.0235867182316724,-0.0903134916909039,0.514213232463226,0.845564260944517,7.62541806020067,0,2.5199541674494,11,1,32,2,20444063.8081287,0.562921265091475,1.1
"SYN169",27620792443.1656,1583051061.01278,173,"Technology",0.0213164286436513,0.104334348719567,0.419277223898098,2.11727642880444,17.3578595317726,6.96258976194664,5.38239343482123,31.8,3,51.8,4,9150584.16770393,2.27601631364294,1.3
"SYN170",95815302053.6993,238919299.072586,205,"Consumer",0.0424530422918033,-0.0802099163644016,0.183677303045988,0.0921159118996983,20.5685618729097,0,12.4860253973356,33.1,3,20.6,1,1165459.99547603,1.18490260678573,1
"SYN171",13016438378.254,388057276.214706,182,"Consumer",0.0429491034843959,-0.0707388752140105,0.284002633439377,1.10134254942539,18.2608695652174,0,9.46109134364525,28.8,2,24.6,1,2132182.83634454,0.887761572606214,1
"SYN172",32974480549.3392,1998678825.47434,202,"Healthcare",0.0231277754320763,0.149756537005305,0.49261223806534,2.23915327847335,20.2675585284281,9.99376853485043,3.17125113593708,35.7,3,46.6,4,9894449.63106109,1.10982913026757,1.2
"SYN173",63249836907.7221,1806559569.66104,73,"Energy",0.0368917730224784,0.000107685104012489,0.444435719773173,1.0551437446378,7.32441471571906,0.00718619718158939,4.62383335220069,13,1,22.4,1,24747391.3652197,0.361368249096579,0.9
"SYN174",24951020075.0083,11649356.3486729,286,"Consumer",0.0341223584921099,0.0933072531595826,0.388314328761771,0.0172476430937566,28.695652173913,6.22671376720287,6.31596340694552,41.3,4,27.1,2,40732.01520515,3.91727160662923,1
"SYN175",92945793209.8303,1447855666.76501,279,"Healthcare",0.0377278299494647,-0.0418900453485549,0.498346473346464,0.575458816052239,27.9933110367893,0,2.99835677809413,31.6,3,37.6,3,5189446.83428319,0.975490367469669,1.2
"SYN176",59687346574.8504,814077185.900649,210,"Consumer",0.0480019676540978,-0.0248423673212528,0.389128492819145,0.50385087348363,21.0702341137124,0,6.2914153434327,27.9,2,25.1,1,3876558.02809833,0.75266119493925,1
"SYN177",36730754035.7579,46813968.4132766,81,"Consumer",0.0497930784064811,0.114316625054926,0.51416818741709,0.0470829248178794,8.12709030100334,7.62874137803906,2.52131233186782,18.3,1,27,2,577950.227324402,0.385695919241941,1
"SYN178",61227470576.2975,795803558.502812,292,"Healthcare",0.0490373431649059,0.242823677230626,0.257358243013732,0.480151465099881,29.2976588628763,16.2044587405099,10.2644530033808,56.2,4,47.7,4,2725354.65240689,3.6044932724355,1.2
"SYN179",60710270953.3647,355895198.975457,16,"Industrials",0.0287323603581171,0.0134251740761101,0.539038634300232,0.216560149039123,1.60535117056856,0.895908018038412,1.77143728623059,4.5,1,32.9,2,22243449.9359661,0.0547926440875312,1.1
"SYN180",88219318190.5896,507842041.973257,180,"Healthcare",0.0458840271739755,-0.0132246139459312,0.487771458132192,0.212658885669919,18.0602006688963,0,3.31720669879224,21.6,1,37.2,3,2821344.67762921,11.2429731417864,1.2
"SYN181",63425140089.5882,1827375875.53705,197,"Financials",0.0486094471500255,0.158919741213322,0.268408398050815,1.06435181337053,19.7658862876254,10.6052606521477,9.93127702340487,41.4,4,27.4,2,9276019.6727769,1.09438364535304,0.9
"SYN182",86721386743.011,750358696.730807,232,"Consumer",0.0482079559017438,0.0344886684790254,0.505301297781989,0.319640173894471,23.2775919732441,2.30154740986272,2.78866013229228,28.7,2,26.1,2,3234304.72728796,1.1776051977057,1
"SYN183",92328976769.466,600230527.99399,224,"Financials",0.0304070288485382,0.279117219988257,0.415518807852641,0.240158886757889,22.4749163879599,18.6264516156296,5.49571437420175,46.8,4,26.4,2,2679600.57140174,0.965475626050601,0.9
"SYN184",57309100331.9714,1542380976.25342,252,"Financials",0.0106068340695929,0.0175339139997959,0.240774052939378,0.994229897303223,25.2842809364548,1.17009835782812,10.7644870537256,38.2,3,21.7,1,6120559.42957706,1.12494977902772,0.9
"SYN185",74914920204.5519,29619017.5411757,248,"Technology",0.00454169699829072,-0.0342161965556443,0.328851422783919,0.0146055520865829,24.8829431438127,0,8.10884431267981,33,3,42,3,119431.52234345,0.984087933018531,1.3
"SYN186",39804352000.1229,382767903.814092,141,"Consumer",0.0209745935869869,-0.0723635379225016,0.297766504599713,0.355241439999709,14.1471571906355,0,9.04609343214822,23.5,1,22.8,1,2714665.98449711,0.568525462682956,1
"SYN187",15007374655.6882,1998612848.19804,52,"Financials",0.00163530150847509,-0.0373450591228902,0.149516033497639,4.91974662450824,5.21739130434783,0,13.5160303538994,23.7,2,31,2,38434862.4653469,0.368768172470038,0.9
"SYN188",94566750393.2491,38249559.3419299,295,"Healthcare",0.0494764320286922,0.290944882575423,0.48886119495146,0.0149418265813141,29.5986622073579,19.4157522002195,3.2843497722191,52.3,4,43.8,3,129659.523192983,5.67198615650836,1.2
"SYN189",25050281342.5846,1436044561.89251,121,"Financials",0.0373605318004265,0.0595284721814096,0.190961649199016,2.11774703660228,12.1404682274247,3.97253959066385,12.2663932600601,30.5,2,27,2,11868136.8751447,0.410155587946171,0.9
"SYN190",3202322272.11818,1075169112.70423,230,"Consumer",0.0404115189830773,0.279849927965552,0.4743655171711,12.4031082900184,23.0769230769231,18.6753477377967,3.72141256759886,57.9,4,62.4,4,4674648.31610535,1.90066936616809,1
"SYN191",23551636651.624,783541081.578471,28,"Consumer",0.00878300486109219,0.224532941449434,0.29411490787752,1.22902137844008,2.80936454849498,14.9838550634706,9.15619363547667,28.2,2,37.3,3,27983610.056374,0.121733837659232,1
"SYN192",24410308706.5741,999048715.414712,269,"Consumer",0.0410756504400633,-0.0828405648469925,0.118060837872326,1.51193165227156,26.9899665551839,0,14.4644438008265,43,4,23,1,3713935.7450361,9.60371295965727,1
"SYN193",56072838733.4384,1979862830.1071,240,"Energy",0.0263202424929477,0.158620654046535,0.402554258145392,1.30437155511008,24.0802675585284,10.5853015373312,5.88661174524895,41.9,4,26.3,2,8249428.45877958,0.892160142745623,0.9
"SYN194",66607888332.8009,990052715.931786,189,"Energy",0.0448571976476815,0.0489537197165191,0.3772962708259,0.549099901601858,18.9632107023411,3.26685000568292,6.64817161921915,29.4,2,21.2,1,5238374.15836924,0.787467188867131,0.9
"SYN195",50344104354.2698,1953380679.78388,191,"Healthcare",0.0481487540616654,0.116637693811208,0.544792054360732,1.43336578166819,19.1638795986622,7.78363427532165,1.59796448332079,30,2,43.6,3,10227123.9779261,1.01052854346331,1.2
"SYN196",12441757603.7813,1496098101.23662,271,"Energy",0.0385055405749008,-0.090020714700222,0.129752507456578,4.44218990653749,27.190635451505,0,14.1119253557716,45.7,4,24,1,5520657.20013513,1.41877388618397,0.9
"SYN197",64710467867.7861,1369325298.14774,246,"Energy",0.0321528747789562,0.276798263378441,0.497163252113387,0.781719289598296,24.6822742474916,18.4716996691417,3.03403237653922,47,4,26.9,2,5566363.00060057,0.907715582450832,0.9
"SYN198",63087896891.4039,989999257.284682,150,"Energy",0.0477176386481151,0.16454465072602,0.495538105512969,0.579705652618589,15.0501672240803,10.9806302007731,3.08303257693294,29.7,2,23.8,1,6599995.04856455,0.609731311735295,0.9
"SYN199",26292542386.8,109980079.178466,219,"Consumer",0.0199639237904921,0.0576411910355091,0.15302911857143,0.154525423855855,21.9732441471572,3.84659483186077,13.410106449821,39.4,4,27.9,2,502192.142367425,1.45990267315512,1
