Date,N200_Index_Close,VIX_Close,Treasury_10Y_Yield
1/1/2019,4000,16.69,2.517
1/2/2019,3979.24,15.82,2.534
1/3/2019,3971.67,20.17,2.552
1/4/2019,4035.68,15.83,2.56
1/7/2019,4040.14,16.13,2.576
1/8/2019,4046.99,21.01,2.585
1/9/2019,4118.64,17.37,2.599
1/10/2019,4139.32,19.67,2.62
1/11/2019,4088.92,18.05,2.631
1/14/2019,4062.56,17.45,2.648
1/15/2019,4046.11,20.15,2.657
1/16/2019,4097.58,17.67,2.667
1/17/2019,4114,17.91,2.682
1/18/2019,4132.17,17.16,2.69
1/21/2019,4138.4,18.37,2.693
1/22/2019,4117.11,22.42,2.71
1/23/2019,4193.02,18.67,2.722
1/24/2019,4215.63,22.95,2.729
1/25/2019,4135.19,19.51,2.728
1/28/2019,4165.96,18.69,2.746
1/29/2019,4147.97,20.58,2.77
1/30/2019,4105.55,18.14,2.778
1/31/2019,4098.25,20.67,2.789
2/1/2019,4058.04,19.88,2.801
2/4/2019,4030.18,19.67,2.803
2/5/2019,4006.68,22.96,2.805
2/6/2019,3941.24,20.75,2.8
2/7/2019,3975.99,18.79,2.8
2/8/2019,3983.68,21.6,2.805
2/11/2019,3940.17,22.28,2.805
2/12/2019,3991.48,19.89,2.805
2/13/2019,4010.15,19.34,2.804
2/14/2019,3999.93,21.47,2.794
2/15/2019,4037.51,21.5,2.797
2/18/2019,4074.75,21.41,2.787
2/19/2019,4110.01,21.1,2.783
2/20/2019,4140.07,20.77,2.778
2/21/2019,4164.73,19.13,2.772
2/22/2019,4163.82,19.93,2.774
2/25/2019,4152.76,20.22,2.765
2/26/2019,4138.64,21.23,2.755
2/27/2019,4111.63,19.83,2.74
2/28/2019,4104.74,23.07,2.729
3/1/2019,4054.74,26.08,2.714
3/4/2019,4145.31,23.25,2.707
3/5/2019,4197.36,22.81,2.693
3/6/2019,4152.15,20.7,2.685
3/7/2019,4137.11,20.93,2.673
3/8/2019,4119.49,22.16,2.655
3/11/2019,4153.41,19.87,2.639
3/12/2019,4151.61,20.66,2.631
3/13/2019,4163.81,19.85,2.623
3/14/2019,4164.28,19.85,2.621
3/15/2019,4164.16,24.1,2.607
3/18/2019,4223.23,20.46,2.586
3/19/2019,4215.4,24.59,2.568
3/20/2019,4281.52,24.47,2.556
3/21/2019,4217.41,21.84,2.551
3/22/2019,4243.83,20.47,2.537
3/25/2019,4250.79,20.75,2.528
3/26/2019,4261.69,21.25,2.517
3/27/2019,4279.61,21.39,2.496
3/28/2019,4259.87,20.88,2.481
3/29/2019,4247.39,22.93,2.472
4/1/2019,4206.03,23.09,2.462
4/2/2019,4162.86,21.02,2.449
4/3/2019,4177.18,21.44,2.437
4/4/2019,4197.63,20.24,2.42
4/5/2019,4201.53,22.83,2.399
4/8/2019,4242.16,26.19,2.391
4/9/2019,4331.76,21.25,2.37
4/10/2019,4312.26,26.68,2.352
4/11/2019,4215.51,22.98,2.342
4/12/2019,4259.83,21.82,2.322
4/15/2019,4231.42,21.72,2.307
4/16/2019,4204.08,22.94,2.289
4/17/2019,4249.12,20.43,2.28
4/18/2019,4238.73,23.2,2.271
4/19/2019,4188.98,20.27,2.263
4/22/2019,4198.26,19.85,2.255
4/23/2019,4194.11,19.64,2.248
4/24/2019,4196.03,20.73,2.242
4/25/2019,4213.91,20.38,2.224
4/26/2019,4200,21.38,2.215
4/29/2019,4228.85,19.81,2.209
4/30/2019,4221.22,20.32,2.206
5/1/2019,4236.94,22.54,2.194
5/2/2019,4285.38,20.49,2.186
5/3/2019,4305.8,19.84,2.177
5/6/2019,4293.5,22.48,2.178
5/7/2019,4344.85,21.93,2.182
5/8/2019,4389.99,20.51,2.183
5/9/2019,4415.89,19.5,2.176
5/10/2019,4428.22,20.34,2.177
5/13/2019,4402.26,22.69,2.183
5/14/2019,4464.35,20.08,2.185
5/15/2019,4439.41,24.99,2.183
5/16/2019,4539.4,22.93,2.18
5/17/2019,4611.35,18.7,2.18
5/20/2019,4602.34,20.98,2.187
5/21/2019,4557.16,19.93,2.189
5/22/2019,4526.71,18.71,2.196
5/23/2019,4540.17,18.33,2.208
5/24/2019,4530.8,18.53,2.217
5/27/2019,4516.89,20.23,2.231
5/28/2019,4475.9,17.41,2.23
5/29/2019,4475.67,19.52,2.237
5/30/2019,4442.46,22.05,2.247
5/31/2019,4370.72,18.08,2.259
6/3/2019,4355.87,19.82,2.264
6/4/2019,4397.85,18.43,2.278
6/5/2019,4374.37,18.65,2.291
6/6/2019,4402.8,21.33,2.304
6/7/2019,4333.88,16.52,2.319
6/10/2019,4333.2,18.03,2.331
6/11/2019,4357.51,17.26,2.348
6/12/2019,4372.4,16.55,2.365
6/13/2019,4378.78,17.79,2.378
6/14/2019,4352.55,18.3,2.397
6/17/2019,4317.45,18.7,2.413
6/18/2019,4275.17,16.09,2.43
6/19/2019,4281.92,18.22,2.442
6/20/2019,4243.23,16.73,2.465
6/21/2019,4224.16,15.9,2.479
6/24/2019,4215.04,20.78,2.499
6/25/2019,4295.2,16.84,2.513
6/26/2019,4269,15.7,2.527
6/27/2019,4280.77,15.1,2.545
6/28/2019,4285.82,17.39,2.552
7/1/2019,4246.49,14.6,2.569
7/2/2019,4245.16,18.83,2.586
7/3/2019,4308.66,15.73,2.587
7/4/2019,4329.88,14.38,2.603
7/5/2019,4333.4,15.16,2.606
7/8/2019,4316.86,19.93,2.623
7/9/2019,4230.82,17.28,2.634
7/10/2019,4280.67,17.91,2.644
7/11/2019,4220.29,15.87,2.656
7/12/2019,4253.33,19.25,2.675
7/15/2019,4337.05,17.5,2.684
7/16/2019,4276.58,15.4,2.698
7/17/2019,4308.42,13.72,2.71
7/18/2019,4298.86,17.54,2.714
7/19/2019,4233.5,17.25,2.715
7/22/2019,4171.53,17.4,2.714
7/23/2019,4106.89,14.08,2.725
7/24/2019,4086.78,16.77,2.733
7/25/2019,4029.09,14.58,2.749
7/26/2019,4058.52,18.71,2.759
7/29/2019,4146.32,15.92,2.769
7/30/2019,4094.93,14.56,2.781
7/31/2019,4128.97,14.41,2.783
8/1/2019,4162.51,13,2.789
8/2/2019,4178.03,14.69,2.796
8/5/2019,4137.77,11.93,2.805
8/6/2019,4134.48,12.32,2.811
8/7/2019,4124.55,13.32,2.813
8/8/2019,4149.5,12.42,2.809
8/9/2019,4135.73,14.39,2.812
8/12/2019,4178,12.25,2.813
8/13/2019,4164.05,14.45,2.814
8/14/2019,4209.8,14.12,2.813
8/15/2019,4167.53,14.67,2.808
8/16/2019,4116.98,20.78,2.804
8/19/2019,4254.3,12,2.802
8/20/2019,4238.3,11.81,2.797
8/21/2019,4252.66,12.76,2.786
8/22/2019,4281.53,12,2.778
8/23/2019,4262.57,12.28,2.763
8/26/2019,4286.38,11.78,2.75
8/27/2019,4303.94,11.02,2.74
8/28/2019,4296.4,10.76,2.722
8/29/2019,4300.93,10.41,2.703
8/30/2019,4301.18,16.85,2.698
9/2/2019,4395.47,12.41,2.684
9/3/2019,4364.75,13.43,2.663
9/4/2019,4318.9,10.46,2.65
9/5/2019,4322.26,11.24,2.644
9/6/2019,4337.44,11.58,2.634
9/9/2019,4358.15,11.38,2.623
9/10/2019,4339.96,13.17,2.616
9/11/2019,4295.77,13.99,2.598
9/12/2019,4352.12,10.98,2.587
9/13/2019,4338.67,12.52,2.57
9/16/2019,4303,10.61,2.555
9/17/2019,4294.56,10.49,2.552
9/18/2019,4287.82,13.46,2.542
9/19/2019,4337.41,10.38,2.531
9/20/2019,4342.82,12.38,2.51
9/23/2019,4377.44,11.38,2.491
9/24/2019,4357.38,10.77,2.488
9/25/2019,4368.48,10.87,2.468
9/26/2019,4356.07,10.43,2.454
9/27/2019,4361.93,12.6,2.444
9/30/2019,4324.78,13.87,2.434
10/1/2019,4270.17,16.19,2.426
10/2/2019,4358.05,12.02,2.411
10/3/2019,4386.07,13.76,2.393
10/4/2019,4333.26,11.87,2.378
10/7/2019,4308.58,13.62,2.361
10/8/2019,4259.51,16.94,2.351
10/9/2019,4355.94,14.32,2.345
10/10/2019,4415.26,10.98,2.344
10/11/2019,4405.33,12.1,2.334
10/14/2019,4431.09,11.52,2.319
10/15/2019,4414.54,11.75,2.314
10/16/2019,4395.32,12.74,2.309
10/17/2019,4362.54,12.21,2.299
10/18/2019,4338.41,15.68,2.283
10/21/2019,4412.39,10.71,2.279
10/22/2019,4411.77,11.21,2.277
10/23/2019,4418.81,11.65,2.269
10/24/2019,4431.36,14.69,2.266
10/25/2019,4488.11,12.37,2.26
10/28/2019,4466.79,13.87,2.259
10/29/2019,4424.45,16.24,2.254
10/30/2019,4501.01,12.37,2.25
10/31/2019,4482.99,13.3,2.248
11/1/2019,4452.47,14.92,2.245
11/4/2019,4399.53,15.15,2.241
11/5/2019,4345.11,13.11,2.24
11/6/2019,4321.97,13.57,2.241
11/7/2019,4350.5,15.14,2.243
11/8/2019,4400.81,14.03,2.253
11/11/2019,4433.83,12.85,2.249
11/12/2019,4419.51,12.28,2.252
11/13/2019,4423.92,14.08,2.259
11/14/2019,4394.61,14.22,2.273
11/15/2019,4364.95,15.06,2.281
11/18/2019,4405.5,15.32,2.288
11/19/2019,4362.73,18.49,2.293
11/20/2019,4450.65,12.76,2.303
11/21/2019,4448.41,13.48,2.317
11/22/2019,4459.75,14.93,2.325
11/25/2019,4428.71,14.55,2.335
11/26/2019,4405.1,16.89,2.346
11/27/2019,4349.21,13.6,2.361
11/28/2019,4343,14.67,2.378
11/29/2019,4362.98,14.5,2.391
12/2/2019,4378.9,15.75,2.402
12/3/2019,4346.55,15.89,2.422
12/4/2019,4314.13,15.15,2.436
12/5/2019,4294.24,18.5,2.457
12/6/2019,4360.71,17.3,2.47
12/9/2019,4313.12,14.55,2.487
12/10/2019,4307.13,20.08,2.494
12/11/2019,4391.6,14.56,2.508
12/12/2019,4388.93,18.46,2.522
12/13/2019,4331.38,16.5,2.533
12/16/2019,4304.4,16.33,2.543
12/17/2019,4327.08,15.88,2.562
12/18/2019,4312.58,16.57,2.582
12/19/2019,4290.14,16.04,2.59
12/20/2019,4277.12,15.64,2.607
12/23/2019,4282.7,20.29,2.617
12/24/2019,4353.45,15.64,2.626
12/25/2019,4351.34,18.98,2.643
12/26/2019,4400.38,17.76,2.654
12/27/2019,4430,16.09,2.673
12/30/2019,4426.74,20.47,2.687
12/31/2019,4361.14,17.56,2.704
1/1/2020,4340.21,17.58,2.714
1/2/2020,4320.73,16.62,2.722
1/3/2020,4324.5,20.49,2.739
1/6/2020,4382.84,23.59,2.752
1/7/2020,4486.3,21.47,2.763
1/8/2020,4558.09,17.11,2.774
1/9/2020,4553.85,22.09,2.792
1/10/2020,4476.35,18.1,2.798
1/13/2020,4460.76,17.56,2.804
1/14/2020,4466.53,19.94,2.81
1/15/2020,4506.23,20.4,2.811
1/16/2020,4551.64,19.67,2.822
1/17/2020,4584.72,21.67,2.831
1/20/2020,4523.01,20.38,2.838
1/21/2020,4563.43,19.04,2.844
1/22/2020,4544.91,18.56,2.846
1/23/2020,4554.68,18.36,2.847
1/24/2020,4559.9,19.52,2.854
1/27/2020,4581.3,18.41,2.85
1/28/2020,4584.27,23.19,2.855
1/29/2020,4510.26,20.73,2.852
1/30/2020,4545.42,19.77,2.854
1/31/2020,4564.83,19.26,2.851
2/3/2020,4554.54,19.14,2.847
2/4/2020,4561.75,19.27,2.855
2/5/2020,4569.69,19.61,2.856
2/6/2020,4581.64,23.95,2.842
2/7/2020,4659.3,19.52,2.839
2/10/2020,4650.96,19.68,2.832
2/11/2020,4660.65,22.76,2.822
2/12/2020,4717.31,22.48,2.817
2/13/2020,4769.21,22.82,2.811
2/14/2020,4826.07,20.94,2.802
2/17/2020,4800.2,25.52,2.804
2/18/2020,4899.25,19.77,2.785
2/19/2020,4904.49,25.23,2.78
2/20/2020,4998.9,23.49,2.769
2/21/2020,4933.8,19.79,2.762
2/24/2020,4936.81,23.52,2.749
2/25/2020,5000.9,21.72,2.735
2/26/2020,4967.25,21.88,2.714
2/27/2020,4931.97,22.47,2.701
2/28/2020,4887.86,22.85,2.701
3/2/2020,4838.62,21.04,2.693
3/3/2020,4819.44,20.99,2.688
3/4/2020,4837.36,25.82,2.679
3/5/2020,4742.8,20.68,2.671
3/6/2020,4754.76,23.77,2.661
3/9/2020,4815.85,26.19,2.649
3/10/2020,4916.95,24,2.632
3/11/2020,4983.34,22.38,2.614
3/12/2020,5023.21,25.05,2.591
3/13/2020,4939.19,21.68,2.576
3/16/2020,4911.53,20.94,2.566
3/17/2020,4896.23,22.23,2.556
3/18/2020,4932.77,20.19,2.542
3/19/2020,4929.53,23.64,2.524
3/20/2020,4869.82,25.15,2.526
3/23/2020,4954.53,22.82,2.515
3/24/2020,5001.89,20.78,2.508
3/25/2020,5015.79,23.7,2.492
3/26/2020,5079.29,23.8,2.478
3/27/2020,5013.75,21.98,2.466
3/30/2020,5049.01,21.29,2.461
3/31/2020,5024.69,21.98,2.447
4/1/2020,5061.18,19.84,2.439
4/2/2020,5060.13,21.76,2.416
4/3/2020,5094.3,23.83,2.402
4/6/2020,5164.85,19.8,2.384
4/7/2020,5167.3,22.78,2.379
4/8/2020,5222.23,23,2.368
4/9/2020,5162.6,21.55,2.356
4/10/2020,5127.53,24.13,2.354
4/13/2020,5208.11,20.64,2.351
4/14/2020,5229.89,25.37,2.339
4/15/2020,5125.71,23.24,2.334
4/16/2020,5058.29,19.68,2.321
4/17/2020,5050.16,21.85,2.313
4/20/2020,5096.11,19.25,2.316
4/21/2020,5092.96,20.98,2.319
4/22/2020,5126.9,21.91,2.321
4/23/2020,5178.38,23.96,2.315
4/24/2020,5267.74,19.04,2.303
4/27/2020,5272.8,18.7,2.296
4/28/2020,5272.17,23.72,2.3
4/29/2020,5182.62,18.91,2.299
4/30/2020,5189.84,20,2.289
5/1/2020,5162.31,21.11,2.289
5/4/2020,5114.32,18.63,2.298
5/5/2020,5107.17,21.28,2.305
5/6/2020,5161.33,23.88,2.304
5/7/2020,5061.52,19.08,2.301
5/8/2020,5041.96,18.29,2.302
5/11/2020,5049.86,20.27,2.308
5/12/2020,5006.96,18.73,2.319
5/13/2020,5025.72,18.85,2.316
5/14/2020,5048.46,17.41,2.329
5/15/2020,5048.81,24.56,2.338
5/18/2020,4927.8,25,2.349
5/19/2020,5058.18,17.55,2.351
5/20/2020,5049.83,19.02,2.358
5/21/2020,5084.86,17.77,2.366
5/22/2020,5100.84,19.9,2.383
5/25/2020,5155.43,19.17,2.399
5/26/2020,5199.84,16.98,2.414
5/27/2020,5191.02,17.61,2.434
5/28/2020,5212.77,18.95,2.445
5/29/2020,5165.79,18.8,2.463
6/1/2020,5212.33,17.25,2.477
6/2/2020,5190.43,23.24,2.487
6/3/2020,5319.52,20.58,2.506
6/4/2020,5234.51,16.89,2.527
6/5/2020,5212.36,18.09,2.546
6/8/2020,5257.67,17.02,2.558
6/9/2020,5286.67,16.9,2.571
6/10/2020,5257.7,17.99,2.593
6/11/2020,5207.64,15.55,2.609
6/12/2020,5217.25,14.95,2.628
6/15/2020,5218.59,20,2.642
6/16/2020,5128.05,14.85,2.663
6/17/2020,5131.87,15.19,2.674
6/18/2020,5143.7,15.02,2.691
6/19/2020,5154.76,17.3,2.702
6/22/2020,5102.7,15.68,2.703
6/23/2020,5129.1,18.26,2.711
6/24/2020,5202.38,15.38,2.725
6/25/2020,5228.26,17.05,2.743
6/26/2020,5171.3,14.83,2.747
6/29/2020,5150.88,14.68,2.753
6/30/2020,5170.8,15.23,2.774
7/1/2020,5139.51,19.64,2.784
7/2/2020,5031.82,15.95,2.797
7/3/2020,5078.54,15.43,2.806
7/6/2020,5038.6,14.54,2.814
7/7/2020,5011.79,17.46,2.824
7/8/2020,5089.77,14.92,2.833
7/9/2020,5052.54,15.27,2.841
7/10/2020,5097.49,16.16,2.846
7/13/2020,5035.64,13.34,2.838
7/14/2020,5019.83,12.39,2.854
7/15/2020,5018.14,15.57,2.869
7/16/2020,4961.82,13.87,2.868
7/17/2020,4932.4,12.01,2.872
7/20/2020,4932.95,14.01,2.882
7/21/2020,4968.14,16.62,2.89
7/22/2020,4888.76,12.62,2.899
7/23/2020,4873.64,13.99,2.895
7/24/2020,4912.61,13.01,2.909
7/27/2020,4888.17,12.22,2.903
7/28/2020,4901.25,12.93,2.906
7/29/2020,4927.41,12.17,2.905
7/30/2020,4942.6,13.25,2.901
7/31/2020,4976.98,11.34,2.896
8/3/2020,4972.87,12.14,2.888
8/4/2020,4954.32,18.75,2.891
8/5/2020,4827.02,11.03,2.887
8/6/2020,4824.46,12.21,2.882
8/7/2020,4847.2,12.46,2.877
8/10/2020,4875.17,12.22,2.868
8/11/2020,4850.12,16.07,2.854
8/12/2020,4939.17,11.53,2.847
8/13/2020,4955.32,10.99,2.828
8/14/2020,4963.57,14.38,2.811
8/17/2020,5029.14,12.43,2.795
8/18/2020,4995.13,11.58,2.779
8/19/2020,4974.68,17.61,2.769
8/20/2020,5097.42,10.41,2.765
8/21/2020,5100.03,15.24,2.745
8/24/2020,5186.1,14.38,2.735
8/25/2020,5114.08,10.61,2.726
8/26/2020,5106.38,11.38,2.708
8/27/2020,5127.79,11.12,2.694
8/28/2020,5145.26,12.97,2.684
8/31/2020,5095.82,10.23,2.669
9/1/2020,5098.84,13.15,2.653
9/2/2020,5046.21,12.28,2.64
9/3/2020,5084.34,13.39,2.625
9/4/2020,5141.85,16.56,2.608
9/7/2020,5030.72,13.83,2.592
9/8/2020,5095.31,13.6,2.586
9/9/2020,5034.48,11.49,2.576
9/10/2020,5059.45,12.11,2.556
9/11/2020,5094.98,10.49,2.535
9/14/2020,5086.84,11.84,2.519
9/15/2020,5056.15,10.65,2.511
9/16/2020,5066.55,11.49,2.498
9/17/2020,5090.86,12.85,2.48
9/18/2020,5138.09,16.14,2.471
9/21/2020,5035.72,14.91,2.456
9/22/2020,4955.97,14.57,2.438
9/23/2020,5029.38,13.45,2.427
9/24/2020,5084.33,11.65,2.422
9/25/2020,5108.55,12.53,2.412
9/28/2020,5147.28,13.17,2.401
9/29/2020,5196.78,18.21,2.387
9/30/2020,5062.35,13.84,2.379
10/1/2020,5120.92,11.78,2.363
10/2/2020,5098.18,11.31,2.345
10/5/2020,5112,11.32,2.336
10/6/2020,5098.97,13.34,2.328
10/7/2020,5145.68,11.6,2.332
10/8/2020,5129.83,12.41,2.318
10/9/2020,5158.56,11.85,2.313
10/12/2020,5140.51,14.03,2.311
10/13/2020,5086.67,14.69,2.311
10/14/2020,5150.65,13.36,2.307
10/15/2020,5191.03,16.38,2.299
10/16/2020,5283.43,11.49,2.296
10/19/2020,5288.99,14.75,2.303
10/20/2020,5350.96,17.38,2.304
10/21/2020,5459.9,12.15,2.293
10/22/2020,5446.73,15.36,2.3
10/23/2020,5377.3,12.2,2.304
10/26/2020,5366.59,12.21,2.305
10/27/2020,5357.26,12.36,2.307
10/28/2020,5367.54,17.14,2.31
10/29/2020,5462.42,12.84,2.315
10/30/2020,5446.82,13.32,2.316
11/2/2020,5469.36,12.75,2.323
11/3/2020,5459.1,12.47,2.324
11/4/2020,5462.4,13.45,2.332
11/5/2020,5481.78,16.6,2.344
11/6/2020,5557.3,13.09,2.355
11/9/2020,5566.27,14.98,2.368
11/10/2020,5608.33,15.29,2.372
11/11/2020,5654.44,15.81,2.382
11/12/2020,5708.69,14.66,2.395
11/13/2020,5678.26,18.17,2.4
11/16/2020,5773.71,14.31,2.419
11/17/2020,5754.06,13.6,2.426
11/18/2020,5750.27,17.86,2.439
11/19/2020,5833.91,17.65,2.452
11/20/2020,5912.26,16.92,2.466
11/23/2020,5850.51,16.39,2.478
11/24/2020,5801.97,17.96,2.494
11/25/2020,5726,14.8,2.503
11/26/2020,5738.72,14.87,2.51
11/27/2020,5750.48,15.59,2.522
11/30/2020,5773.77,16.28,2.536
12/1/2020,5808.06,16.31,2.557
12/2/2020,5775.52,17.61,2.58
12/3/2020,5720.7,18.08,2.596
12/4/2020,5782.05,17.37,2.613
12/7/2020,5827.97,19.53,2.627
12/8/2020,5742.98,15.41,2.642
12/9/2020,5739.81,17.94,2.65
12/10/2020,5690.89,21.59,2.666
12/11/2020,5576.49,16.19,2.678
12/14/2020,5587.1,15.86,2.694
12/15/2020,5584.91,16.04,2.706
12/16/2020,5581.71,16.76,2.717
12/17/2020,5596.02,18.88,2.729
12/18/2020,5647.88,16.97,2.741
12/21/2020,5661.77,18.08,2.759
12/22/2020,5629.23,18.56,2.773
12/23/2020,5590.25,16.87,2.787
12/24/2020,5585.12,17.76,2.793
12/25/2020,5604.7,19.83,2.811
12/28/2020,5548.95,17.38,2.823
12/29/2020,5540.95,20.08,2.829
12/30/2020,5597.05,17.37,2.84
12/31/2020,5593.23,19.26,2.853
1/1/2021,5556.52,18.1,2.855
1/4/2021,5543.43,20.96,2.871
1/5/2021,5607.8,19.38,2.878
1/6/2021,5640.99,21.54,2.89
1/7/2021,5713.47,18.35,2.896
1/8/2021,5723.71,19.27,2.899
1/11/2021,5749.54,19.57,2.895
1/12/2021,5719.81,20.05,2.893
1/13/2021,5756.84,19.61,2.895
1/14/2021,5730.06,22.45,2.902
1/15/2021,5651.5,18.9,2.894
1/18/2021,5661,24.45,2.902
1/19/2021,5774.54,21.1,2.909
1/20/2021,5823.3,22.28,2.902
1/21/2021,5893.91,19.95,2.903
1/22/2021,5917.47,20.54,2.896
1/25/2021,5883.92,19.4,2.892
1/26/2021,5874.38,19.69,2.893
1/27/2021,5860.7,20.35,2.893
1/28/2021,5835.63,21.36,2.883
1/29/2021,5879.21,22.67,2.876
2/1/2021,5811.56,21.99,2.864
2/2/2021,5864.48,22.04,2.859
2/3/2021,5917.74,22.87,2.843
2/4/2021,5849.57,21.49,2.822
2/5/2021,5889.45,26.92,2.82
2/8/2021,6036.75,21.11,2.822
2/9/2021,6005.61,22.26,2.809
2/10/2021,6058.99,21.88,2.802
2/11/2021,6014.18,23.15,2.791
2/12/2021,6083.79,20.61,2.787
2/15/2021,6101.45,24.85,2.777
2/16/2021,6205.56,24.07,2.766
2/17/2021,6118.12,19.88,2.744
2/18/2021,6117.43,21.34,2.736
2/19/2021,6087.72,20.37,2.721
2/22/2021,6078.15,21.69,2.7
2/23/2021,6042.42,22.33,2.685
2/24/2021,5994.64,21.82,2.67
2/25/2021,6031.85,23.12,2.66
2/26/2021,5968.99,24.56,2.64
3/1/2021,6060.66,23.43,2.622
3/2/2021,5991.58,20.42,2.615
3/3/2021,6000.04,21.72,2.606
3/4/2021,6034.52,21.88,2.597
3/5/2021,6072.46,20.78,2.591
3/8/2021,6056.59,20.34,2.577
3/9/2021,6063.83,22.98,2.559
3/10/2021,6124.85,24.21,2.547
3/11/2021,6038.7,22.17,2.538
3/12/2021,5994.08,21.01,2.536
3/15/2021,6015.72,21.12,2.512
3/16/2021,5991.42,24.1,2.5
3/17/2021,6076.5,21.99,2.49
3/18/2021,6119.99,20.15,2.477
3/19/2021,6126.86,24.18,2.457
3/22/2021,6037.59,19.94,2.448
3/23/2021,6041.58,20.53,2.433
3/24/2021,6024.91,19.84,2.424
3/25/2021,6021.15,23.03,2.418
3/26/2021,5952.81,21.17,2.414
3/29/2021,5984.96,22.5,2.397
3/30/2021,5925.47,20.01,2.393
3/31/2021,5914.44,20.66,2.381
4/1/2021,5939.42,21.56,2.366
4/2/2021,5895.42,21.14,2.366
4/5/2021,5932.27,23.03,2.365
4/6/2021,5857.02,27.44,2.358
4/7/2021,5697.02,20.57,2.357
4/8/2021,5725.86,21.63,2.348
4/9/2021,5776.5,19.65,2.344
4/12/2021,5762.32,20.46,2.34
4/13/2021,5793.76,22.1,2.337
4/14/2021,5729.47,18.93,2.339
4/15/2021,5724.48,24.28,2.346
4/16/2021,5616.65,22.15,2.343
4/19/2021,5685.66,24.1,2.344
4/20/2021,5794.72,21.65,2.354
4/21/2021,5859.63,18.25,2.354
4/22/2021,5860.37,18.14,2.344
4/23/2021,5860.76,22.45,2.35
4/26/2021,5774.89,20.41,2.35
4/27/2021,5823.04,18.33,2.351
4/28/2021,5813.11,19.56,2.363
4/29/2021,5777.37,21.72,2.382
4/30/2021,5698.64,18.28,2.384
5/3/2021,5683.86,19.82,2.397
5/4/2021,5638.06,18.35,2.405
5/5/2021,5617.97,20.7,2.415
5/6/2021,5552.2,22.24,2.43
5/7/2021,5648.95,17.01,2.442
5/10/2021,5650.3,20.17,2.448
5/11/2021,5713.65,24.4,2.457
5/12/2021,5569.15,17.83,2.472
5/13/2021,5546.18,18.38,2.473
5/14/2021,5511.05,19.9,2.491
5/17/2021,5446.24,20.99,2.496
5/18/2021,5533.34,20.24,2.509
5/19/2021,5457.76,17.07,2.522
5/20/2021,5477.36,18.53,2.542
5/21/2021,5526.13,16.4,2.557
5/24/2021,5538.2,18.13,2.572
5/25/2021,5492.13,18.44,2.59
5/26/2021,5546.29,16.01,2.601
5/27/2021,5557.98,18.32,2.615
5/28/2021,5501.38,19.17,2.636
5/31/2021,5427.72,21.38,2.654
6/1/2021,5544.39,16.79,2.663
6/2/2021,5509.1,20.2,2.681
6/3/2021,5409.98,16.35,2.689
6/4/2021,5441.08,15.55,2.7
6/7/2021,5460.17,18.32,2.721
6/8/2021,5388.9,19.96,2.724
6/9/2021,5287.32,14.36,2.729
6/10/2021,5283.29,17.55,2.75
6/11/2021,5345.97,15.92,2.759
6/14/2021,5382.24,15.13,2.779
6/15/2021,5357.92,16.03,2.791
6/16/2021,5315.53,14.46,2.806
6/17/2021,5332.09,14,2.822
6/18/2021,5342.63,15.3,2.83
6/21/2021,5378.53,14.24,2.84
6/22/2021,5359.42,15.88,2.849
6/23/2021,5410.01,15.32,2.873
6/24/2021,5367.39,13.7,2.883
6/25/2021,5351.82,15.06,2.895
6/28/2021,5393.77,15.7,2.901
6/29/2021,5449.61,18.2,2.908
6/30/2021,5347.13,12.83,2.922
7/1/2021,5355,14.23,2.927
7/2/2021,5389.86,16.42,2.933
7/5/2021,5314.35,13.64,2.94
7/6/2021,5342.09,14.35,2.942
7/7/2021,5300.15,15.06,2.955
7/8/2021,5356.64,13.52,2.951
7/9/2021,5387.72,14.12,2.964
7/12/2021,5431.49,12.08,2.963
7/13/2021,5440.22,14.22,2.971
7/14/2021,5489.61,15.68,2.961
7/15/2021,5568.14,17.35,2.965
7/16/2021,5680.98,11.29,2.968
7/19/2021,5681.64,17.8,2.959
7/20/2021,5557.51,11.31,2.952
7/21/2021,5561.49,11.75,2.95
7/22/2021,5575.16,11.29,2.951
7/23/2021,5568.73,12.69,2.942
7/26/2021,5602.71,13.95,2.935
7/27/2021,5661.89,12.17,2.936
7/28/2021,5634.89,11.43,2.924
7/29/2021,5620.59,11.92,2.921
7/30/2021,5645.25,12.08,2.914
8/2/2021,5616.52,10.89,2.9
8/3/2021,5623.9,16.21,2.887
8/4/2021,5516.86,13.63,2.881
8/5/2021,5457.6,14.21,2.871
8/6/2021,5387.77,12.74,2.867
8/9/2021,5344.11,12.22,2.852
8/10/2021,5309.31,11.49,2.832
8/11/2021,5331.78,13.25,2.824
8/12/2021,5386.56,12.22,2.808
8/13/2021,5349.66,13,2.796
8/16/2021,5298.71,13.1,2.791
8/17/2021,5245.9,11.2,2.775
8/18/2021,5226.29,10.65,2.769
8/19/2021,5215.9,11.61,2.749
8/20/2021,5243.28,10.87,2.739
8/23/2021,5228.55,16.13,2.726
8/24/2021,5123.05,10.16,2.707
8/25/2021,5120.41,13.68,2.686
8/26/2021,5183.64,13.69,2.671
8/27/2021,5247.87,12.25,2.658
8/30/2021,5208.71,14.53,2.644
8/31/2021,5130.77,17.51,2.632
9/1/2021,5260.55,10.39,2.615
9/2/2021,5254.12,10.21,2.598
9/3/2021,5251.1,11.44,2.585
9/6/2021,5275.34,14.8,2.568
9/7/2021,5192.95,12.16,2.56
9/8/2021,5157.34,14.63,2.547
9/9/2021,5080.53,12.11,2.531
9/10/2021,5047.46,10.66,2.509
9/13/2021,5055.48,14.2,2.493
9/14/2021,4988.95,12.15,2.491
9/15/2021,5020.48,11.29,2.476
9/16/2021,5037.05,12.94,2.461
9/17/2021,4993.7,11.19,2.454
9/20/2021,5007.02,12.81,2.446
9/21/2021,5046.63,13.8,2.44
9/22/2021,5102.51,11.07,2.429
9/23/2021,5093.7,10.77,2.427
9/24/2021,5090.97,10.81,2.413
9/27/2021,5088.59,15.18,2.405
9/28/2021,5164.54,14.3,2.395
9/29/2021,5225.06,13.49,2.393
9/30/2021,5270.95,11.68,2.389
10/1/2021,5257.92,12.25,2.39
10/4/2021,5279.7,12.42,2.396
10/5/2021,5303.15,14.17,2.394
10/6/2021,5250.3,16.32,2.389
10/7/2021,5162.4,13.38,2.384
10/8/2021,5197.72,15.89,2.382
10/11/2021,5120.88,11.63,2.381
10/12/2021,5123.02,12.47,2.392
10/13/2021,5137.91,13.5,2.388
10/14/2021,5169.03,12.47,2.384
10/15/2021,5180.9,13.96,2.385
10/18/2021,5145.13,15.06,2.392
10/19/2021,5198.21,17.42,2.401
10/20/2021,5291.5,14.95,2.401
10/21/2021,5340.46,18,2.408
10/22/2021,5239.76,16.71,2.414
10/25/2021,5315.74,12.55,2.427
10/26/2021,5314.88,14.3,2.44
10/27/2021,5344.99,14.71,2.447
10/28/2021,5380.5,13,2.456
10/29/2021,5377.45,13.05,2.469
11/1/2021,5375.55,16.24,2.471
11/2/2021,5432.79,15.43,2.48
11/3/2021,5473.78,16.38,2.494
11/4/2021,5530.46,20.68,2.503
11/5/2021,5666.1,15.64,2.515
11/8/2021,5706.15,14.39,2.528
11/9/2021,5720.29,20.28,2.537
11/10/2021,5597.46,22.08,2.545
11/11/2021,5752.47,15.34,2.558
11/12/2021,5727.06,21.38,2.57
11/15/2021,5867.04,15.5,2.589
11/16/2021,5891.42,19.11,2.611
11/17/2021,5985.15,14.71,2.625
11/18/2021,5980.98,16.28,2.642
11/19/2021,6014.05,15.51,2.656
11/22/2021,6029.34,15.31,2.674
11/23/2021,6020.54,15.24,2.69
11/24/2021,6015.7,18.28,2.707
11/25/2021,6079.37,15.73,2.727
11/26/2021,6069.56,21.37,2.737
11/29/2021,5949.52,15.97,2.759
11/30/2021,5940.25,17.36,2.775
12/1/2021,5974.79,17.71,2.791
12/2/2021,6014.14,17.84,2.802
12/3/2021,6053.76,20.95,2.815
12/6/2021,5954.56,17.34,2.83
12/7/2021,5978.95,19.26,2.833
12/8/2021,6039.52,20.3,2.843
12/9/2021,6119.56,17.03,2.859
12/10/2021,6108.25,17.44,2.87
12/13/2021,6091.06,21.29,2.877
12/14/2021,6184.83,21.71,2.885
12/15/2021,6084.96,18.13,2.897
12/16/2021,6060.86,18.55,2.899
12/17/2021,6091.09,21.9,2.913
12/20/2021,5995.74,18.24,2.911
12/21/2021,6014.93,23.14,2.917
12/22/2021,6131.41,17.61,2.921
12/23/2021,6133.61,18.32,2.922
12/24/2021,6119,19.26,2.923
12/27/2021,6150.59,18.53,2.93
12/28/2021,6135.9,20.48,2.935
12/29/2021,6188.49,20.85,2.938
12/30/2021,6247.21,18.25,2.93
12/31/2021,6249.88,21.62,2.926
1/3/2022,6179.24,22.14,2.928
1/4/2022,6100.76,20.06,2.925
1/5/2022,6067.12,21,2.922
1/6/2022,6118.13,24.33,2.927
1/7/2022,6001.89,24.2,2.927
1/10/2022,5892.1,20.59,2.92
1/11/2022,5856.04,20.13,2.916
1/12/2022,5881.54,21.53,2.911
1/13/2022,5830.38,21.77,2.904
1/14/2022,5884.67,20.18,2.895
1/17/2022,5906.68,19.52,2.89
1/18/2022,5898.97,21.78,2.887
1/19/2022,5949.85,20.55,2.882
1/20/2022,5975.39,20.55,2.874
1/21/2022,5951.18,20.2,2.868
1/24/2022,5967.34,21.51,2.864
1/25/2022,6008.51,20.69,2.854
1/26/2022,6032.36,21.41,2.847
1/27/2022,5995.2,22.29,2.831
1/28/2022,6049.11,23.23,2.819
1/31/2022,6121.7,20.65,2.805
2/1/2022,6141.09,20.29,2.795
2/2/2022,6152.41,19.88,2.784
2/3/2022,6150.22,26.42,2.771
2/4/2022,6287.11,20.79,2.754
2/7/2022,6307.03,20.23,2.736
2/8/2022,6299.57,27.3,2.724
2/9/2022,6146.01,24.5,2.717
2/10/2022,6052.98,20.06,2.699
2/11/2022,6050.7,20.7,2.683
2/14/2022,6065.62,20.93,2.67
2/15/2022,6084.87,22.57,2.652
2/16/2022,6137.52,20.46,2.638
2/17/2022,6128.06,23.76,2.623
2/18/2022,6205.43,22.64,2.604
2/21/2022,6150.97,23.5,2.593
2/22/2022,6079.51,23.56,2.582
2/23/2022,6007.66,22.33,2.573
2/24/2022,6054.84,20.1,2.564
2/25/2022,6052.24,22.45,2.547
2/28/2022,6102.67,20.63,2.53
3/1/2022,6088.79,21.58,2.518
3/2/2022,6055.28,20.89,2.507
3/3/2022,6035.43,25.31,2.491
3/4/2022,5927.02,23.23,2.476
3/7/2022,5860.44,24.02,2.46
3/8/2022,5778.85,23.06,2.455
3/9/2022,5842.44,21.41,2.43
3/10/2022,5809.97,22.19,2.418
3/11/2022,5858.36,24.32,2.407
3/14/2022,5950.26,20.06,2.391
3/15/2022,5941.23,20.53,2.382
3/16/2022,5960.51,24.64,2.363
3/17/2022,5859.38,21.79,2.359
3/18/2022,5813.94,19.68,2.342
3/21/2022,5819.53,20.35,2.323
3/22/2022,5839.3,21.42,2.312
3/23/2022,5797.44,27.37,2.306
3/24/2022,5957.59,20.39,2.297
3/25/2022,5932.71,19.37,2.289
3/28/2022,5938.9,21.06,2.287
3/29/2022,5980.01,18.95,2.278
3/30/2022,5980.84,20.64,2.274
3/31/2022,5944.85,22,2.275
4/1/2022,6009.73,23.63,2.281
4/4/2022,6110.05,18.61,2.283
4/5/2022,6110.68,20.3,2.291
4/6/2022,6147.59,18.57,2.294
4/7/2022,6144.06,21.48,2.296
4/8/2022,6209.32,21.56,2.287
4/11/2022,6140.4,25.2,2.284
4/12/2022,6287.09,19.71,2.286
4/13/2022,6251.76,22.18,2.294
4/14/2022,6163.68,18.75,2.297
4/15/2022,6144.54,18.27,2.306
4/18/2022,6156.03,22.6,2.307
4/19/2022,6259.3,20.35,2.313
4/20/2022,6319.12,17.94,2.322
4/21/2022,6330.66,21.33,2.328
4/22/2022,6245.8,19.65,2.338
4/25/2022,6194.42,17.43,2.344
4/26/2022,6186.79,24.72,2.356
4/27/2022,6349.31,22.29,2.367
4/28/2022,6234.79,20.22,2.377
4/29/2022,6308.23,18.05,2.379
5/2/2022,6277.57,21.59,2.388
5/3/2022,6385.58,19.65,2.393
5/4/2022,6315.78,16.78,2.398
5/5/2022,6327.38,19.29,2.409
5/6/2022,6260.7,18.82,2.422
5/9/2022,6320.05,20.44,2.437
5/10/2022,6417.09,21.72,2.457
5/11/2022,6546.11,18.13,2.474
5/12/2022,6601.17,21.15,2.493
5/13/2022,6726.67,19.23,2.505
5/16/2022,6813.76,15.52,2.519
5/17/2022,6807.51,16.68,2.539
5/18/2022,6842.79,17.8,2.554
5/19/2022,6779.32,15.31,2.56
5/20/2022,6769.48,18.53,2.571
5/23/2022,6855.38,16.37,2.591
5/24/2022,6895.35,15.99,2.603
5/25/2022,6929.73,17.37,2.619
5/26/2022,6860.9,15.95,2.633
5/27/2022,6822.28,16.31,2.645
5/30/2022,6773.02,15.32,2.657
5/31/2022,6802.57,16.74,2.673
6/1/2022,6738.22,15.57,2.687
6/2/2022,6778.91,16.88,2.706
6/3/2022,6706.33,19.13,2.718
6/6/2022,6832.82,14.91,2.725
6/7/2022,6867.11,15.27,2.738
6/8/2022,6821.87,14.02,2.753
6/9/2022,6841.07,14,2.775
6/10/2022,6819.72,14.18,2.783
6/13/2022,6847.82,13.68,2.791
6/14/2022,6867.26,15.64,2.804
6/15/2022,6800.69,14.86,2.819
6/16/2022,6749.79,13.52,2.823
6/17/2022,6772.75,17.43,2.834
6/20/2022,6887.43,15.66,2.838
6/21/2022,6965.32,13.94,2.839
6/22/2022,6924.73,14.68,2.847
6/23/2022,6984.95,12.01,2.852
6/24/2022,6984.35,12.91,2.857
6/27/2022,7008.23,12.69,2.857
6/28/2022,7029.31,19.54,2.869
6/29/2022,7215.58,15.04,2.873
6/30/2022,7133.42,11.93,2.872
7/1/2022,7143.48,16.64,2.876
7/4/2022,7020.26,13.22,2.869
7/5/2022,7064.61,14.66,2.867
7/6/2022,7145.37,15.63,2.872
7/7/2022,7252.32,16.75,2.868
7/8/2022,7116.88,12.37,2.869
7/11/2022,7149.18,15.84,2.863
7/12/2022,7266.91,11.99,2.846
7/13/2022,7239.78,11.32,2.836
7/14/2022,7227.33,10.74,2.831
7/15/2022,7227.58,11.88,2.831
7/18/2022,7256.91,12.72,2.82
7/19/2022,7308.26,14.62,2.813
7/20/2022,7408.17,10.66,2.799
7/21/2022,7404.06,11.15,2.785
7/22/2022,7421.58,17.98,2.771
7/25/2022,7611.59,11.76,2.767
7/26/2022,7647.53,10.99,2.76
7/27/2022,7665.04,14.17,2.751
7/28/2022,7565.87,10.35,2.745
7/29/2022,7569.12,10.73,2.73
8/1/2022,7555.4,10.24,2.721
8/2/2022,7557.59,11.73,2.709
8/3/2022,7517.23,12.04,2.69
8/4/2022,7468.77,12.12,2.672
8/5/2022,7418.1,10.58,2.658
8/8/2022,7405.16,14.26,2.645
8/9/2022,7510.17,13.29,2.628
8/10/2022,7592.41,10.97,2.609
8/11/2022,7568.16,14.94,2.583
8/12/2022,7444.61,12.42,2.571
8/15/2022,7384.96,11.25,2.554
8/16/2022,7354.17,10.43,2.542
8/17/2022,7364.74,11.87,2.519
8/18/2022,7319.03,16.15,2.498
8/19/2022,7470.37,10.72,2.483
8/22/2022,7453.04,13.56,2.461
8/23/2022,7366.05,10.36,2.437
8/24/2022,7358.6,12.97,2.427
8/25/2022,7287.9,10.69,2.417
8/26/2022,7302.21,10.95,2.398
8/29/2022,7322.22,11.34,2.384
8/30/2022,7351.24,14.93,2.365
8/31/2022,7235.87,11,2.354
9/1/2022,7254.76,11.31,2.342
9/2/2022,7280.23,14.44,2.326
9/5/2022,7180.37,13.33,2.311
9/6/2022,7252.2,12.87,2.295
9/7/2022,7312.22,17.46,2.287
9/8/2022,7485.32,11.09,2.28
9/9/2022,7500.05,10.81,2.273
9/12/2022,7506.56,11.02,2.26
9/13/2022,7516.82,11,2.243
9/14/2022,7525.08,16.16,2.239
9/15/2022,7390.21,15.69,2.232
9/16/2022,7270.65,10.98,2.226
9/19/2022,7267.92,12.56,2.226
9/20/2022,7228.7,11.3,2.217
9/21/2022,7235.55,17.3,2.219
9/22/2022,7087.23,15.55,2.214
9/23/2022,6984.6,14.44,2.208
9/26/2022,6910.85,14.41,2.205
9/27/2022,6982.12,14.6,2.207
9/28/2022,6908.61,13.79,2.206
9/29/2022,6856.33,11.96,2.202
9/30/2022,6864.56,12.54,2.202
10/3/2022,6845.18,12.35,2.191
10/4/2022,6857.95,18.92,2.192
10/5/2022,7020.67,15.23,2.198
10/6/2022,6944.94,12.88,2.201
10/7/2022,6926.53,13.61,2.21
10/10/2022,6893.58,16.94,2.218
10/11/2022,7001.43,14.58,2.228
10/12/2022,6950.54,12.63,2.238
10/13/2022,6947.62,15.09,2.237
10/14/2022,7005.32,15.77,2.246
10/17/2022,6934.33,17.92,2.263
10/18/2022,7052.88,15.09,2.27
10/19/2022,7103.54,16.16,2.283
10/20/2022,7030.46,14.66,2.294
10/21/2022,7065.31,13.81,2.308
10/24/2022,7053.08,14.47,2.318
10/25/2022,7078.04,13.68,2.327
10/26/2022,7074.5,16.98,2.34
10/27/2022,7153.5,17.7,2.354
10/28/2022,7060.33,15.34,2.367
10/31/2022,7026.33,14.64,2.38
11/1/2022,7011.65,17,2.396
11/2/2022,6944.95,17.25,2.407
11/3/2022,6875.85,14.44,2.427
11/4/2022,6877.37,14.78,2.452
11/7/2022,6871.03,22.15,2.475
11/8/2022,6700.76,17.99,2.487
11/9/2022,6773.56,15.74,2.493
11/10/2022,6793.21,22.37,2.508
11/11/2022,6962.13,17.3,2.527
11/14/2022,7012.8,16.47,2.546
11/15/2022,6984.32,23.89,2.555
11/16/2022,7185.33,24.11,2.564
11/17/2022,7394.7,19.16,2.579
11/18/2022,7308.05,17.27,2.597
11/21/2022,7345.35,16.38,2.615
11/22/2022,7332.78,16.67,2.633
11/23/2022,7349.45,16.92,2.642
11/24/2022,7369.14,19.9,2.649
11/25/2022,7279.64,17.33,2.652
11/28/2022,7303.38,21.84,2.667
11/29/2022,7435.23,16.96,2.683
11/30/2022,7426.01,17.08,2.697
12/1/2022,7416.89,21.14,2.703
12/2/2022,7524.36,19.76,2.721
12/5/2022,7595.3,21.88,2.729
12/6/2022,7474.11,17.98,2.748
12/7/2022,7494.21,22.36,2.76
12/8/2022,7622.21,21.76,2.774
12/9/2022,7733.94,18.88,2.784
12/12/2022,7769.6,19.89,2.79
12/13/2022,7828.96,21.18,2.792
12/14/2022,7738.91,18.84,2.795
12/15/2022,7765.28,20.66,2.8
12/16/2022,7694.59,19.27,2.806
12/19/2022,7662.49,21.04,2.809
12/20/2022,7737.62,21.5,2.811
12/21/2022,7653.21,19.23,2.814
12/22/2022,7676.73,19.81,2.813
12/23/2022,7712.77,18.78,2.811
12/26/2022,7720.09,24.17,2.804
12/27/2022,7865.2,21.61,2.807
12/28/2022,7788.32,20.69,2.806
12/29/2022,7838.8,18.98,2.804
12/30/2022,7834.97,19.57,2.797
1/2/2023,7817.68,20.5,2.792
1/3/2023,7857.19,22,2.782
1/4/2023,7780.54,22.95,2.772
1/5/2023,7682.08,20.56,2.756
1/6/2023,7647.25,24.64,2.755
1/9/2023,7785.5,19.62,2.748
1/10/2023,7792.96,20.51,2.735
1/11/2023,7821.96,19.9,2.732
1/12/2023,7810.25,21.04,2.726
1/13/2023,7850.22,22.29,2.72
1/16/2023,7778.98,23.2,2.709
1/17/2023,7872.73,21.53,2.696
1/18/2023,7922.06,22,2.685
1/19/2023,7861.57,20.02,2.675
1/20/2023,7869.01,22.05,2.667
1/23/2023,7928.75,21.61,2.662
1/24/2023,7976.29,24.41,2.647
1/25/2023,8098.61,21.59,2.628
1/26/2023,8052.34,23.37,2.615
1/27/2023,8145.97,23.15,2.616
1/30/2023,8234.14,20.31,2.6
1/31/2023,8224.06,22.77,2.591
2/1/2023,8147.45,23.12,2.576
2/2/2023,8062.42,21.48,2.558
2/3/2023,8102.65,20.09,2.54
2/6/2023,8100.13,25.46,2.524
2/7/2023,8248.83,21.73,2.517
2/8/2023,8296.41,20.99,2.504
2/9/2023,8268.91,22.95,2.491
2/10/2023,8187.82,21.61,2.481
2/13/2023,8143.53,21.12,2.476
2/14/2023,8174.77,21.19,2.466
2/15/2023,8141.25,21.61,2.444
2/16/2023,8186.49,20.81,2.425
2/17/2023,8162.43,20.1,2.403
2/20/2023,8157.08,21.95,2.375
2/21/2023,8100.95,25.68,2.368
2/22/2023,8260.06,20.93,2.353
2/23/2023,8290.9,20.59,2.342
2/24/2023,8313.37,24.7,2.336
2/27/2023,8177.17,21.8,2.322
2/28/2023,8234.59,22.61,2.31
3/1/2023,8153.99,22.16,2.301
3/2/2023,8084.85,22.43,2.292
3/3/2023,8162.71,20.74,2.278
3/6/2023,8129.09,24.57,2.273
3/7/2023,7991.39,24.82,2.267
3/8/2023,8137.35,26.34,2.258
3/9/2023,7949.35,21.1,2.245
3/10/2023,7998.21,22.37,2.241
3/13/2023,8083.22,20.9,2.243
3/14/2023,8035.59,20.51,2.244
3/15/2023,8074.6,20.42,2.244
3/16/2023,8113.39,22.15,2.238
3/17/2023,8201.54,20.4,2.233
3/20/2023,8244.63,19.36,2.228
3/21/2023,8227.76,21.53,2.224
3/22/2023,8306.79,21.1,2.227
3/23/2023,8376.92,21.18,2.228
3/24/2023,8302.15,22.48,2.22
3/27/2023,8189.94,18.91,2.212
3/28/2023,8206.36,18.92,2.214
3/29/2023,8187.18,20.95,2.218
3/30/2023,8110.13,18.39,2.21
3/31/2023,8120.19,21.76,2.21
4/3/2023,8016.91,18.42,2.215
4/4/2023,8033.06,19.47,2.228
4/5/2023,7986.21,20.6,2.225
4/6/2023,8066.24,24.89,2.226
4/7/2023,8267.51,20.02,2.228
4/10/2023,8195.4,20.57,2.237
4/11/2023,8285.85,19.76,2.248
4/12/2023,8357.85,17.15,2.256
4/13/2023,8355.33,18.18,2.258
4/14/2023,8320.84,21.67,2.266
4/17/2023,8456.33,22.61,2.274
4/18/2023,8291.75,18.4,2.285
4/19/2023,8241.89,20.66,2.305
4/20/2023,8127.56,20.66,2.314
4/21/2023,8245.06,16.69,2.328
4/24/2023,8232.64,17.57,2.337
4/25/2023,8192.84,25.66,2.345
4/26/2023,8461.28,15.9,2.362
4/27/2023,8460.43,16.96,2.371
4/28/2023,8426.34,16.64,2.399
5/1/2023,8455.03,20.08,2.414
5/2/2023,8326.78,16.96,2.429
5/3/2023,8371.06,15.42,2.444
5/4/2023,8366.36,16.65,2.468
5/5/2023,8409.01,17.83,2.486
5/8/2023,8330.14,17.82,2.5
5/9/2023,8248.66,16.71,2.509
5/10/2023,8194.93,16.81,2.518
5/11/2023,8135.49,18.52,2.529
5/12/2023,8245.16,19.24,2.55
5/15/2023,8379.75,14.61,2.563
5/16/2023,8369.96,15.09,2.574
5/17/2023,8343.31,14.88,2.592
5/18/2023,8319.23,14.22,2.612
5/19/2023,8328.32,14.18,2.622
5/22/2023,8339.73,14.64,2.633
5/23/2023,8367.3,15.65,2.647
5/24/2023,8308.38,15.83,2.659
5/25/2023,8241.61,17,2.673
5/26/2023,8344.2,14.7,2.692
5/29/2023,8301.86,14.09,2.703
5/30/2023,8330.39,12.99,2.712
5/31/2023,8328.98,15.58,2.724
6/1/2023,8252.88,14.61,2.732
6/2/2023,8305.13,13.25,2.744
6/5/2023,8322.84,16.82,2.751
6/6/2023,8443.54,12.87,2.76
6/7/2023,8456.85,13.16,2.759
6/8/2023,8432.23,13.14,2.765
6/9/2023,8459.11,15.52,2.767
6/12/2023,8362.76,14.37,2.766
6/13/2023,8296.46,13.53,2.767
6/14/2023,8342.24,12.67,2.772
6/15/2023,8317.82,11.77,2.775
6/16/2023,8315.66,11.82,2.78
6/19/2023,8309.41,13.34,2.785
6/20/2023,8258.84,17.36,2.789
6/21/2023,8097.03,12.5,2.787
6/22/2023,8128.57,13.66,2.779
6/23/2023,8193.99,14.92,2.775
6/26/2023,8092.31,15.66,2.778
6/27/2023,8216.45,12.29,2.774
6/28/2023,8251.46,15.09,2.761
6/29/2023,8366.25,13.62,2.759
6/30/2023,8289.87,11.42,2.754
7/3/2023,8307.03,10.91,2.746
7/4/2023,8302.05,13.1,2.739
7/5/2023,8369.44,12.22,2.738
7/6/2023,8324.71,10.64,2.736
7/7/2023,8327.2,15.71,2.725
7/10/2023,8183.67,12.66,2.716
7/11/2023,8123.53,10.89,2.698
7/12/2023,8136.95,12.34,2.684
7/13/2023,8082.91,10.31,2.683
7/14/2023,8082.62,11.54,2.678
7/17/2023,8048.11,12.16,2.665
7/18/2023,8100.34,13.81,2.649
7/19/2023,8198.83,12.5,2.629
7/20/2023,8134.92,10.93,2.627
7/21/2023,8113.23,14.54,2.614
7/24/2023,8234.18,16.55,2.597
7/25/2023,8058.31,10.9,2.588
7/26/2023,8035.8,16.35,2.568
7/27/2023,8206.72,16.73,2.557
7/28/2023,8392.08,10.6,2.55
7/31/2023,8408.6,12.48,2.534
8/1/2023,8339.63,10.62,2.526
8/2/2023,8356.78,11.84,2.514
8/3/2023,8305.73,14.48,2.496
8/4/2023,8430.65,12.31,2.484
8/7/2023,8366.28,11.25,2.465
8/8/2023,8400.89,12,2.448
8/9/2023,8456.51,12.19,2.437
8/10/2023,8396.05,12.73,2.421
8/11/2023,8471.24,12.2,2.406
8/14/2023,8411.48,12.11,2.397
8/15/2023,8468.05,13.54,2.378
8/16/2023,8564.85,13,2.372
8/17/2023,8484,13.63,2.37
8/18/2023,8581.96,11.57,2.36
8/21/2023,8543.46,11.26,2.35
8/22/2023,8572.08,11.03,2.336
8/23/2023,8592.83,11.51,2.327
8/24/2023,8559.63,11.32,2.314
8/25/2023,8586.04,14.01,2.305
8/28/2023,8484.43,10.78,2.292
8/29/2023,8476.28,13.15,2.287
8/30/2023,8549.99,17.01,2.282
8/31/2023,8369.45,15.01,2.281
9/1/2023,8249.14,14.1,2.283
9/4/2023,8157.11,15.45,2.274
9/5/2023,8031.72,12.25,2.273
9/6/2023,8068.72,13.8,2.26
9/7/2023,7992.2,17.39,2.254
9/8/2023,7824.19,12.88,2.255
9/11/2023,7777.57,12.22,2.248
9/12/2023,7750.35,13.94,2.248
9/13/2023,7820.17,14.53,2.242
9/14/2023,7737.42,15.02,2.239
9/15/2023,7830.93,12.82,2.239
9/18/2023,7865.33,12.81,2.236
9/19/2023,7897.04,14.13,2.228
9/20/2023,7833.14,17.77,2.232
9/21/2023,7990.87,12.26,2.237
9/22/2023,7980.95,17.34,2.241
9/25/2023,7839.76,12.57,2.243
9/26/2023,7826.92,17.87,2.253
9/27/2023,7680.04,13.1,2.264
9/28/2023,7659.3,13.54,2.259
9/29/2023,7630.08,14.67,2.272
10/2/2023,7685.35,15.76,2.27
10/3/2023,7766.43,14.78,2.277
10/4/2023,7713.33,15.37,2.281
10/5/2023,7778.87,17.34,2.287
10/6/2023,7893.62,15.29,2.304
10/9/2023,7835.09,15.01,2.317
10/10/2023,7787.26,15.36,2.331
10/11/2023,7841.24,14.08,2.332
10/12/2023,7858.75,15.29,2.345
10/13/2023,7905.15,17.98,2.361
10/16/2023,8020.19,15.05,2.378
10/17/2023,8054.51,17.16,2.387
10/18/2023,8142.93,16,2.405
10/19/2023,8197.08,15.55,2.412
10/20/2023,8236,15.53,2.435
10/23/2023,8271.17,18.37,2.445
10/24/2023,8382.02,17.39,2.464
10/25/2023,8301.75,17.82,2.48
10/26/2023,8213.79,16.65,2.49
10/27/2023,8265.86,15.11,2.51
10/30/2023,8259.28,15.34,2.525
10/31/2023,8268.7,17.47,2.544
11/1/2023,8333.55,17.63,2.56
11/2/2023,8399.93,16.04,2.58
11/3/2023,8381.24,16.32,2.594
11/6/2023,8358.43,15.96,2.615
11/7/2023,8367.93,19.05,2.627
11/8/2023,8460.74,17.27,2.644
11/9/2023,8500.26,20.41,2.66
11/10/2023,8626.4,16.21,2.678
11/13/2023,8629.19,19.73,2.688
11/14/2023,8730.37,19.12,2.702
11/15/2023,8811.32,18.43,2.711
11/16/2023,8868.97,17.96,2.728
11/17/2023,8909.39,17.43,2.737
11/20/2023,8888.04,17.03,2.756
11/21/2023,8881.9,17.75,2.771
11/22/2023,8905.86,17.32,2.781
11/23/2023,8913.78,20.12,2.797
11/24/2023,9001.86,17.49,2.806
11/27/2023,8995.62,17.48,2.817
11/28/2023,8992.89,18.83,2.827
11/29/2023,8953.02,17.9,2.836
11/30/2023,8944.22,17.8,2.84
12/1/2023,8941.65,24.64,2.84
12/4/2023,8740.63,21.89,2.836
12/5/2023,8625.6,18.12,2.838
12/6/2023,8622.8,18.79,2.845
12/7/2023,8603.39,21.7,2.847
12/8/2023,8504.1,24.16,2.843
12/11/2023,8339.74,19.34,2.856
12/12/2023,8313.57,20.57,2.86
12/13/2023,8371.42,24.02,2.87
12/14/2023,8524.6,18.67,2.875
12/15/2023,8524.73,23.35,2.87
12/18/2023,8656.44,19.2,2.866
12/19/2023,8667.1,19.38,2.856
12/20/2023,8680.59,20.08,2.856
12/21/2023,8712.31,21.55,2.86
12/22/2023,8640.25,19.17,2.85
12/25/2023,8639.24,22.05,2.838
12/26/2023,8721.57,21.4,2.836
12/27/2023,8659.89,20.17,2.821
12/28/2023,8635.53,22.71,2.823
12/29/2023,8540.4,21.01,2.818
